file,R2,r,trait,mode,cv,sp
asi_1a2_cv1_sp10.ghatREL1,0.285721335454018,0.534529078211857,asi,1a2,cv1,sp10.ghatREL1
asi_1a2_cv1_sp1.ghatREL1,0.316950747881252,0.562983790069707,asi,1a2,cv1,sp1.ghatREL1
asi_1a2_cv1_sp2.ghatREL1,0.482577495443203,0.694677979673462,asi,1a2,cv1,sp2.ghatREL1
asi_1a2_cv1_sp3.ghatREL1,0.225489322295096,0.474857159886103,asi,1a2,cv1,sp3.ghatREL1
asi_1a2_cv1_sp4.ghatREL1,0.36880356112114,0.607291990002454,asi,1a2,cv1,sp4.ghatREL1
asi_1a2_cv1_sp5.ghatREL1,0.273325649309101,0.52280555592792,asi,1a2,cv1,sp5.ghatREL1
asi_1a2_cv1_sp6.ghatREL1,0.296179160506288,0.544223447222084,asi,1a2,cv1,sp6.ghatREL1
asi_1a2_cv1_sp7.ghatREL1,0.101938867101125,0.319278666843128,asi,1a2,cv1,sp7.ghatREL1
asi_1a2_cv1_sp8.ghatREL1,0.55021800156343,0.741766810772381,asi,1a2,cv1,sp8.ghatREL1
asi_1a2_cv1_sp9.ghatREL1,0.206399887048386,0.454312543353566,asi,1a2,cv1,sp9.ghatREL1
asi_1a2_cv2_sp10.ghatREL1,0.143716158012263,0.379099140083782,asi,1a2,cv2,sp10.ghatREL1
asi_1a2_cv2_sp1.ghatREL1,0.352847572737785,0.594009741281896,asi,1a2,cv2,sp1.ghatREL1
asi_1a2_cv2_sp2.ghatREL1,0.341968668944676,0.584780872587909,asi,1a2,cv2,sp2.ghatREL1
asi_1a2_cv2_sp3.ghatREL1,0.201673427654121,0.449080647160531,asi,1a2,cv2,sp3.ghatREL1
asi_1a2_cv2_sp4.ghatREL1,0.0785304520269546,0.280232853225589,asi,1a2,cv2,sp4.ghatREL1
asi_1a2_cv2_sp5.ghatREL1,0.290107165172012,0.538615971887218,asi,1a2,cv2,sp5.ghatREL1
asi_1a2_cv2_sp6.ghatREL1,0.215281332220217,0.463984193933604,asi,1a2,cv2,sp6.ghatREL1
asi_1a2_cv2_sp7.ghatREL1,0.56650743430049,0.752666881362858,asi,1a2,cv2,sp7.ghatREL1
asi_1a2_cv2_sp8.ghatREL1,0.189775946613844,0.435632811681862,asi,1a2,cv2,sp8.ghatREL1
asi_1a2_cv2_sp9.ghatREL1,0.183818825389527,0.4287409770357,asi,1a2,cv2,sp9.ghatREL1
asi_1a2_cv3_sp10.ghatREL1,0.271429467417642,0.520988932145053,asi,1a2,cv3,sp10.ghatREL1
asi_1a2_cv3_sp1.ghatREL1,0.166547679910081,0.408102536025054,asi,1a2,cv3,sp1.ghatREL1
asi_1a2_cv3_sp2.ghatREL1,0.278671506944556,0.527893461736889,asi,1a2,cv3,sp2.ghatREL1
asi_1a2_cv3_sp3.ghatREL1,0.536657656474631,0.732569216166384,asi,1a2,cv3,sp3.ghatREL1
asi_1a2_cv3_sp4.ghatREL1,0.172315188312379,0.41510864639559,asi,1a2,cv3,sp4.ghatREL1
asi_1a2_cv3_sp5.ghatREL1,0.48936528866545,0.699546487851558,asi,1a2,cv3,sp5.ghatREL1
asi_1a2_cv3_sp6.ghatREL1,0.223534182059267,0.472794016522277,asi,1a2,cv3,sp6.ghatREL1
asi_1a2_cv3_sp7.ghatREL1,0.60802778833523,0.779761366275112,asi,1a2,cv3,sp7.ghatREL1
asi_1a2_cv3_sp8.ghatREL1,0.505912905808782,0.711275548440112,asi,1a2,cv3,sp8.ghatREL1
asi_1a2_cv3_sp9.ghatREL1,0.508200689905031,0.712881960709507,asi,1a2,cv3,sp9.ghatREL1
asi_1a2_cv4_sp10.ghatREL1,0.124982815536949,0.353529087257256,asi,1a2,cv4,sp10.ghatREL1
asi_1a2_cv4_sp1.ghatREL1,0.373498888123932,0.611145553959065,asi,1a2,cv4,sp1.ghatREL1
asi_1a2_cv4_sp2.ghatREL1,0.102481958491195,0.320128034528679,asi,1a2,cv4,sp2.ghatREL1
asi_1a2_cv4_sp3.ghatREL1,0.430011773491663,0.655752829571984,asi,1a2,cv4,sp3.ghatREL1
asi_1a2_cv4_sp4.ghatREL1,0.316781713192986,0.562833646109564,asi,1a2,cv4,sp4.ghatREL1
asi_1a2_cv4_sp5.ghatREL1,0.336311959557708,0.579924098100526,asi,1a2,cv4,sp5.ghatREL1
asi_1a2_cv4_sp6.ghatREL1,0.417356541451588,0.646031378070437,asi,1a2,cv4,sp6.ghatREL1
asi_1a2_cv4_sp7.ghatREL1,0.466744442589262,0.683186974838706,asi,1a2,cv4,sp7.ghatREL1
asi_1a2_cv4_sp8.ghatREL1,0.170978610959659,0.413495599685969,asi,1a2,cv4,sp8.ghatREL1
asi_1a2_cv4_sp9.ghatREL1,0.300008401316907,0.547730226769444,asi,1a2,cv4,sp9.ghatREL1
asi_1a2_cv5_sp10.ghatREL1,0.0410081232723347,0.202504625310966,asi,1a2,cv5,sp10.ghatREL1
asi_1a2_cv5_sp1.ghatREL1,0.00304787113659474,0.0552075278978759,asi,1a2,cv5,sp1.ghatREL1
asi_1a2_cv5_sp2.ghatREL1,0.76863808322146,0.876720071186613,asi,1a2,cv5,sp2.ghatREL1
asi_1a2_cv5_sp3.ghatREL1,0.207279447888717,0.455279527201386,asi,1a2,cv5,sp3.ghatREL1
asi_1a2_cv5_sp4.ghatREL1,0.345942210435686,0.588168522139434,asi,1a2,cv5,sp4.ghatREL1
asi_1a2_cv5_sp5.ghatREL1,0.410111282383542,0.640399314790032,asi,1a2,cv5,sp5.ghatREL1
asi_1a2_cv5_sp6.ghatREL1,0.209568781765791,0.457786830048431,asi,1a2,cv5,sp6.ghatREL1
asi_1a2_cv5_sp7.ghatREL1,0.622574773229421,0.789034076088873,asi,1a2,cv5,sp7.ghatREL1
asi_1a2_cv5_sp8.ghatREL1,0.247859583040885,0.497854981938401,asi,1a2,cv5,sp8.ghatREL1
asi_1a2_cv5_sp9.ghatREL1,0.370449670762037,0.608645767883123,asi,1a2,cv5,sp9.ghatREL1
asi_1d2_cv1_sp10.ghatREL1,0.457826915836178,0.676629082907451,asi,1d2,cv1,sp10.ghatREL1
asi_1d2_cv1_sp1.ghatREL1,0.186423975468018,0.431768428058395,asi,1d2,cv1,sp1.ghatREL1
asi_1d2_cv1_sp2.ghatREL1,0.490879901259925,0.70062821900058,asi,1d2,cv1,sp2.ghatREL1
asi_1d2_cv1_sp3.ghatREL1,0.253709038620921,0.503695382767125,asi,1d2,cv1,sp3.ghatREL1
asi_1d2_cv1_sp4.ghatREL1,0.438302156117758,0.662043923103111,asi,1d2,cv1,sp4.ghatREL1
asi_1d2_cv1_sp5.ghatREL1,0.563354201781527,0.750569251822593,asi,1d2,cv1,sp5.ghatREL1
asi_1d2_cv1_sp6.ghatREL1,0.267366296119806,0.517074749064201,asi,1d2,cv1,sp6.ghatREL1
asi_1d2_cv1_sp7.ghatREL1,0.133288541429502,0.365087032677829,asi,1d2,cv1,sp7.ghatREL1
asi_1d2_cv1_sp8.ghatREL1,0.48673343859044,0.697662840196065,asi,1d2,cv1,sp8.ghatREL1
asi_1d2_cv1_sp9.ghatREL1,0.222633322002221,0.471840356478991,asi,1d2,cv1,sp9.ghatREL1
asi_1d2_cv2_sp10.ghatREL1,0.602695837242457,0.77633487442112,asi,1d2,cv2,sp10.ghatREL1
asi_1d2_cv2_sp1.ghatREL1,0.488525038525288,0.698945662069154,asi,1d2,cv2,sp1.ghatREL1
asi_1d2_cv2_sp2.ghatREL1,0.26758308961337,0.5172843411639,asi,1d2,cv2,sp2.ghatREL1
asi_1d2_cv2_sp3.ghatREL1,0.104879067191777,0.323850377785448,asi,1d2,cv2,sp3.ghatREL1
asi_1d2_cv2_sp4.ghatREL1,0.123223070557568,0.35103143813278,asi,1d2,cv2,sp4.ghatREL1
asi_1d2_cv2_sp5.ghatREL1,0.103717810983898,0.322052497248349,asi,1d2,cv2,sp5.ghatREL1
asi_1d2_cv2_sp6.ghatREL1,0.355990594398892,0.596649473643354,asi,1d2,cv2,sp6.ghatREL1
asi_1d2_cv2_sp7.ghatREL1,0.353398006396636,0.594472881128009,asi,1d2,cv2,sp7.ghatREL1
asi_1d2_cv2_sp8.ghatREL1,0.204507550568435,0.452225110501878,asi,1d2,cv2,sp8.ghatREL1
asi_1d2_cv2_sp9.ghatREL1,0.287363790501004,0.536063233677711,asi,1d2,cv2,sp9.ghatREL1
asi_1d2_cv3_sp10.ghatREL1,0.0899447935469064,0.29990797513055,asi,1d2,cv3,sp10.ghatREL1
asi_1d2_cv3_sp1.ghatREL1,0.150488027181294,0.387927863373197,asi,1d2,cv3,sp1.ghatREL1
asi_1d2_cv3_sp2.ghatREL1,0.460856110020553,0.678863837614402,asi,1d2,cv3,sp2.ghatREL1
asi_1d2_cv3_sp3.ghatREL1,0.674972629486788,0.821567178925003,asi,1d2,cv3,sp3.ghatREL1
asi_1d2_cv3_sp4.ghatREL1,0.327863942362649,0.572594046740489,asi,1d2,cv3,sp4.ghatREL1
asi_1d2_cv3_sp5.ghatREL1,0.477345458391444,0.690901916621632,asi,1d2,cv3,sp5.ghatREL1
asi_1d2_cv3_sp6.ghatREL1,0.56008888120409,0.748390861251051,asi,1d2,cv3,sp6.ghatREL1
asi_1d2_cv3_sp7.ghatREL1,0.475681882463194,0.689696949727338,asi,1d2,cv3,sp7.ghatREL1
asi_1d2_cv3_sp8.ghatREL1,0.28915983896506,0.537735844969498,asi,1d2,cv3,sp8.ghatREL1
asi_1d2_cv3_sp9.ghatREL1,0.303278860327194,0.550707599663554,asi,1d2,cv3,sp9.ghatREL1
asi_1d2_cv4_sp10.ghatREL1,0.325668117702859,0.570673389692265,asi,1d2,cv4,sp10.ghatREL1
asi_1d2_cv4_sp1.ghatREL1,0.443187021901989,0.665722931783178,asi,1d2,cv4,sp1.ghatREL1
asi_1d2_cv4_sp2.ghatREL1,0.0822490293891302,0.286790915806499,asi,1d2,cv4,sp2.ghatREL1
asi_1d2_cv4_sp3.ghatREL1,0.40505432653581,0.636438784594253,asi,1d2,cv4,sp3.ghatREL1
asi_1d2_cv4_sp4.ghatREL1,0.366100375506362,0.605062290600201,asi,1d2,cv4,sp4.ghatREL1
asi_1d2_cv4_sp5.ghatREL1,0.48063231504167,0.693276506916014,asi,1d2,cv4,sp5.ghatREL1
asi_1d2_cv4_sp6.ghatREL1,0.456685146839073,0.675784837680658,asi,1d2,cv4,sp6.ghatREL1
asi_1d2_cv4_sp7.ghatREL1,0.475382604922001,0.689479952516389,asi,1d2,cv4,sp7.ghatREL1
asi_1d2_cv4_sp8.ghatREL1,0.0577505199293994,0.240313378590122,asi,1d2,cv4,sp8.ghatREL1
asi_1d2_cv4_sp9.ghatREL1,0.30840711441166,0.555344140521587,asi,1d2,cv4,sp9.ghatREL1
asi_1d2_cv5_sp10.ghatREL1,0.032788795881295,0.1810767679226,asi,1d2,cv5,sp10.ghatREL1
asi_1d2_cv5_sp1.ghatREL1,0.140581318948971,0.374941754075177,asi,1d2,cv5,sp1.ghatREL1
asi_1d2_cv5_sp2.ghatREL1,0.639906969176461,0.799941853622162,asi,1d2,cv5,sp2.ghatREL1
asi_1d2_cv5_sp3.ghatREL1,0.2299419586774,0.479522636251304,asi,1d2,cv5,sp3.ghatREL1
asi_1d2_cv5_sp4.ghatREL1,0.188506714591202,0.43417359960182,asi,1d2,cv5,sp4.ghatREL1
asi_1d2_cv5_sp5.ghatREL1,0.424209621691984,0.651313765931586,asi,1d2,cv5,sp5.ghatREL1
asi_1d2_cv5_sp6.ghatREL1,0.257447127693012,0.507392478948015,asi,1d2,cv5,sp6.ghatREL1
asi_1d2_cv5_sp7.ghatREL1,0.515446054823978,0.71794571857765,asi,1d2,cv5,sp7.ghatREL1
asi_1d2_cv5_sp8.ghatREL1,0.302062493303502,0.549602122724706,asi,1d2,cv5,sp8.ghatREL1
asi_1d2_cv5_sp9.ghatREL1,0.393516942155336,0.627309287477346,asi,1d2,cv5,sp9.ghatREL1
dtp_1a2_cv1_sp10.ghatREL1,0.405890413322464,0.637095293753191,dtp,1a2,cv1,sp10.ghatREL1
dtp_1a2_cv1_sp1.ghatREL1,0.368795127903752,0.607285046665692,dtp,1a2,cv1,sp1.ghatREL1
dtp_1a2_cv1_sp2.ghatREL1,0.0858567552537245,0.293013233922505,dtp,1a2,cv1,sp2.ghatREL1
dtp_1a2_cv1_sp3.ghatREL1,0.228387935799918,0.477899503870759,dtp,1a2,cv1,sp3.ghatREL1
dtp_1a2_cv1_sp4.ghatREL1,0.0256526336350214,-0.160164395653408,dtp,1a2,cv1,sp4.ghatREL1
dtp_1a2_cv1_sp5.ghatREL1,0.0412644832402481,0.203136612259455,dtp,1a2,cv1,sp5.ghatREL1
dtp_1a2_cv1_sp6.ghatREL1,0.235468120399748,0.485250574857721,dtp,1a2,cv1,sp6.ghatREL1
dtp_1a2_cv1_sp7.ghatREL1,0.206818212857466,0.454772704609089,dtp,1a2,cv1,sp7.ghatREL1
dtp_1a2_cv1_sp8.ghatREL1,0.0730911739748969,-0.270353794082674,dtp,1a2,cv1,sp8.ghatREL1
dtp_1a2_cv1_sp9.ghatREL1,0.0795955002159907,0.282126744949838,dtp,1a2,cv1,sp9.ghatREL1
dtp_1a2_cv2_sp10.ghatREL1,0.0168829488663697,-0.129934402166515,dtp,1a2,cv2,sp10.ghatREL1
dtp_1a2_cv2_sp1.ghatREL1,0.00513404531210468,0.0716522526659468,dtp,1a2,cv2,sp1.ghatREL1
dtp_1a2_cv2_sp2.ghatREL1,0.18742256115376,0.432923273980228,dtp,1a2,cv2,sp2.ghatREL1
dtp_1a2_cv2_sp3.ghatREL1,0.0967832744831378,0.311100103637298,dtp,1a2,cv2,sp3.ghatREL1
dtp_1a2_cv2_sp4.ghatREL1,0.180165304597012,0.424458837341163,dtp,1a2,cv2,sp4.ghatREL1
dtp_1a2_cv2_sp5.ghatREL1,0.368757666476302,0.607254202518436,dtp,1a2,cv2,sp5.ghatREL1
dtp_1a2_cv2_sp6.ghatREL1,0.120573039641415,0.347236287909853,dtp,1a2,cv2,sp6.ghatREL1
dtp_1a2_cv2_sp7.ghatREL1,0.151889518116916,0.389730058010562,dtp,1a2,cv2,sp7.ghatREL1
dtp_1a2_cv2_sp8.ghatREL1,0.315651826502012,0.561829001122239,dtp,1a2,cv2,sp8.ghatREL1
dtp_1a2_cv2_sp9.ghatREL1,0.0934736807954089,0.305734657497983,dtp,1a2,cv2,sp9.ghatREL1
dtp_1a2_cv3_sp10.ghatREL1,0.238929387676637,0.488804038114086,dtp,1a2,cv3,sp10.ghatREL1
dtp_1a2_cv3_sp1.ghatREL1,0.280251161239101,0.529387534079809,dtp,1a2,cv3,sp1.ghatREL1
dtp_1a2_cv3_sp2.ghatREL1,0.0787137907950677,0.280559781143106,dtp,1a2,cv3,sp2.ghatREL1
dtp_1a2_cv3_sp3.ghatREL1,0.183111385839564,0.427915161965037,dtp,1a2,cv3,sp3.ghatREL1
dtp_1a2_cv3_sp4.ghatREL1,0.319429212426677,0.565180690068828,dtp,1a2,cv3,sp4.ghatREL1
dtp_1a2_cv3_sp5.ghatREL1,0.04221493923613,-0.205462744156039,dtp,1a2,cv3,sp5.ghatREL1
dtp_1a2_cv3_sp6.ghatREL1,0.108240939213941,0.328999907619958,dtp,1a2,cv3,sp6.ghatREL1
dtp_1a2_cv3_sp7.ghatREL1,0.198415584091102,0.445438642341571,dtp,1a2,cv3,sp7.ghatREL1
dtp_1a2_cv3_sp8.ghatREL1,0.014573366966437,-0.120720201153067,dtp,1a2,cv3,sp8.ghatREL1
dtp_1a2_cv3_sp9.ghatREL1,0.000842150598008113,-0.0290198311161198,dtp,1a2,cv3,sp9.ghatREL1
dtp_1a2_cv4_sp10.ghatREL1,0.208368781637222,0.456474294607289,dtp,1a2,cv4,sp10.ghatREL1
dtp_1a2_cv4_sp1.ghatREL1,0.232283886550364,0.481958386741391,dtp,1a2,cv4,sp1.ghatREL1
dtp_1a2_cv4_sp2.ghatREL1,0.0538617351773964,0.23208131156428,dtp,1a2,cv4,sp2.ghatREL1
dtp_1a2_cv4_sp3.ghatREL1,0.0786343021872155,0.280418084629389,dtp,1a2,cv4,sp3.ghatREL1
dtp_1a2_cv4_sp4.ghatREL1,0.0257342719814628,0.160419051179911,dtp,1a2,cv4,sp4.ghatREL1
dtp_1a2_cv4_sp5.ghatREL1,0.0294249996710694,-0.171537167025311,dtp,1a2,cv4,sp5.ghatREL1
dtp_1a2_cv4_sp6.ghatREL1,0.067876606514561,0.260531392570187,dtp,1a2,cv4,sp6.ghatREL1
dtp_1a2_cv4_sp7.ghatREL1,0.138523026397621,0.372186816528502,dtp,1a2,cv4,sp7.ghatREL1
dtp_1a2_cv4_sp8.ghatREL1,0.178124456267841,0.422047931244593,dtp,1a2,cv4,sp8.ghatREL1
dtp_1a2_cv4_sp9.ghatREL1,0.208935633166428,0.457094774818558,dtp,1a2,cv4,sp9.ghatREL1
dtp_1a2_cv5_sp10.ghatREL1,0.162005047269418,0.40249850592197,dtp,1a2,cv5,sp10.ghatREL1
dtp_1a2_cv5_sp1.ghatREL1,0.00492855378922496,0.0702036593720367,dtp,1a2,cv5,sp1.ghatREL1
dtp_1a2_cv5_sp2.ghatREL1,0.371020732576344,0.609114712165405,dtp,1a2,cv5,sp2.ghatREL1
dtp_1a2_cv5_sp3.ghatREL1,0.118624373603038,0.34441889263372,dtp,1a2,cv5,sp3.ghatREL1
dtp_1a2_cv5_sp4.ghatREL1,0.497391164925777,0.705259643624798,dtp,1a2,cv5,sp4.ghatREL1
dtp_1a2_cv5_sp5.ghatREL1,0.0346659046447296,-0.186187820881844,dtp,1a2,cv5,sp5.ghatREL1
dtp_1a2_cv5_sp6.ghatREL1,0.122575114439426,0.350107289897577,dtp,1a2,cv5,sp6.ghatREL1
dtp_1a2_cv5_sp7.ghatREL1,0.229304783598717,0.478857790579539,dtp,1a2,cv5,sp7.ghatREL1
dtp_1a2_cv5_sp8.ghatREL1,0.348737701969223,0.590540178115954,dtp,1a2,cv5,sp8.ghatREL1
dtp_1a2_cv5_sp9.ghatREL1,0.0334287106550198,0.182835200809417,dtp,1a2,cv5,sp9.ghatREL1
dtp_1d2_cv1_sp10.ghatREL1,0.794456224805431,0.891322738858059,dtp,1d2,cv1,sp10.ghatREL1
dtp_1d2_cv1_sp1.ghatREL1,0.581173818304056,0.762347570537256,dtp,1d2,cv1,sp1.ghatREL1
dtp_1d2_cv1_sp2.ghatREL1,0.474618252509335,0.688925433199657,dtp,1d2,cv1,sp2.ghatREL1
dtp_1d2_cv1_sp3.ghatREL1,0.556768187745411,0.746169007494557,dtp,1d2,cv1,sp3.ghatREL1
dtp_1d2_cv1_sp4.ghatREL1,0.77259941052063,0.878976342412371,dtp,1d2,cv1,sp4.ghatREL1
dtp_1d2_cv1_sp5.ghatREL1,0.659427382253599,0.812051342129055,dtp,1d2,cv1,sp5.ghatREL1
dtp_1d2_cv1_sp6.ghatREL1,0.654841887375658,0.809223014610718,dtp,1d2,cv1,sp6.ghatREL1
dtp_1d2_cv1_sp7.ghatREL1,0.67695885450617,0.822775093513513,dtp,1d2,cv1,sp7.ghatREL1
dtp_1d2_cv1_sp8.ghatREL1,0.344876781573285,0.587262106365876,dtp,1d2,cv1,sp8.ghatREL1
dtp_1d2_cv1_sp9.ghatREL1,0.601238436707568,0.77539566461747,dtp,1d2,cv1,sp9.ghatREL1
dtp_1d2_cv2_sp10.ghatREL1,0.156360556480848,0.395424526908547,dtp,1d2,cv2,sp10.ghatREL1
dtp_1d2_cv2_sp1.ghatREL1,0.483966227649438,0.695676812643226,dtp,1d2,cv2,sp1.ghatREL1
dtp_1d2_cv2_sp2.ghatREL1,0.371111628194417,0.609189320486183,dtp,1d2,cv2,sp2.ghatREL1
dtp_1d2_cv2_sp3.ghatREL1,0.701760442861464,0.83771143173617,dtp,1d2,cv2,sp3.ghatREL1
dtp_1d2_cv2_sp4.ghatREL1,0.507203991165277,0.71218255466227,dtp,1d2,cv2,sp4.ghatREL1
dtp_1d2_cv2_sp5.ghatREL1,0.696370187671942,0.834487979345384,dtp,1d2,cv2,sp5.ghatREL1
dtp_1d2_cv2_sp6.ghatREL1,0.380743430913326,0.61704410775351,dtp,1d2,cv2,sp6.ghatREL1
dtp_1d2_cv2_sp7.ghatREL1,0.163734536220875,0.404641243845551,dtp,1d2,cv2,sp7.ghatREL1
dtp_1d2_cv2_sp8.ghatREL1,0.323073724275251,0.568395746179764,dtp,1d2,cv2,sp8.ghatREL1
dtp_1d2_cv2_sp9.ghatREL1,0.571967310157491,0.756285204243407,dtp,1d2,cv2,sp9.ghatREL1
dtp_1d2_cv3_sp10.ghatREL1,0.320274551298837,0.565928044276688,dtp,1d2,cv3,sp10.ghatREL1
dtp_1d2_cv3_sp1.ghatREL1,0.618759725338896,0.786612817934526,dtp,1d2,cv3,sp1.ghatREL1
dtp_1d2_cv3_sp2.ghatREL1,0.512648852631506,0.715995008803487,dtp,1d2,cv3,sp2.ghatREL1
dtp_1d2_cv3_sp3.ghatREL1,0.528203263072461,0.726775937323507,dtp,1d2,cv3,sp3.ghatREL1
dtp_1d2_cv3_sp4.ghatREL1,0.593398066762956,0.77032335208207,dtp,1d2,cv3,sp4.ghatREL1
dtp_1d2_cv3_sp5.ghatREL1,0.128214023291162,-0.358069858115929,dtp,1d2,cv3,sp5.ghatREL1
dtp_1d2_cv3_sp6.ghatREL1,0.403015473254485,0.634834996872797,dtp,1d2,cv3,sp6.ghatREL1
dtp_1d2_cv3_sp7.ghatREL1,0.600945605107733,0.775206814410021,dtp,1d2,cv3,sp7.ghatREL1
dtp_1d2_cv3_sp8.ghatREL1,0.320676985670868,0.566283485253515,dtp,1d2,cv3,sp8.ghatREL1
dtp_1d2_cv3_sp9.ghatREL1,0.482522380897444,0.694638309408173,dtp,1d2,cv3,sp9.ghatREL1
dtp_1d2_cv4_sp10.ghatREL1,0.418258087901125,0.646728759141825,dtp,1d2,cv4,sp10.ghatREL1
dtp_1d2_cv4_sp1.ghatREL1,0.6798415000668,0.824525014821746,dtp,1d2,cv4,sp1.ghatREL1
dtp_1d2_cv4_sp2.ghatREL1,0.512913387810923,0.716179717536683,dtp,1d2,cv4,sp2.ghatREL1
dtp_1d2_cv4_sp3.ghatREL1,0.753190319373101,0.867865380904839,dtp,1d2,cv4,sp3.ghatREL1
dtp_1d2_cv4_sp4.ghatREL1,0.325668844973812,0.570674026896101,dtp,1d2,cv4,sp4.ghatREL1
dtp_1d2_cv4_sp5.ghatREL1,0.54645128872926,0.73922343626894,dtp,1d2,cv4,sp5.ghatREL1
dtp_1d2_cv4_sp6.ghatREL1,0.463302920898507,0.680663588638695,dtp,1d2,cv4,sp6.ghatREL1
dtp_1d2_cv4_sp7.ghatREL1,0.449979942454984,0.670805443071972,dtp,1d2,cv4,sp7.ghatREL1
dtp_1d2_cv4_sp8.ghatREL1,0.253267187178922,0.503256581853553,dtp,1d2,cv4,sp8.ghatREL1
dtp_1d2_cv4_sp9.ghatREL1,0.592877185359523,0.769985185155873,dtp,1d2,cv4,sp9.ghatREL1
dtp_1d2_cv5_sp10.ghatREL1,0.4112159094616,0.641261186617122,dtp,1d2,cv5,sp10.ghatREL1
dtp_1d2_cv5_sp1.ghatREL1,0.247098747544999,0.49709028108081,dtp,1d2,cv5,sp1.ghatREL1
dtp_1d2_cv5_sp2.ghatREL1,0.288279828180079,0.536916965815087,dtp,1d2,cv5,sp2.ghatREL1
dtp_1d2_cv5_sp3.ghatREL1,0.732135284494776,0.855649042829346,dtp,1d2,cv5,sp3.ghatREL1
dtp_1d2_cv5_sp4.ghatREL1,0.66216854211047,0.813737391368044,dtp,1d2,cv5,sp4.ghatREL1
dtp_1d2_cv5_sp5.ghatREL1,0.08895102235573,0.298246579788822,dtp,1d2,cv5,sp5.ghatREL1
dtp_1d2_cv5_sp6.ghatREL1,0.555311564589481,0.745192300409418,dtp,1d2,cv5,sp6.ghatREL1
dtp_1d2_cv5_sp7.ghatREL1,0.807297535072941,0.898497376219286,dtp,1d2,cv5,sp7.ghatREL1
dtp_1d2_cv5_sp8.ghatREL1,0.535603591446578,0.731849432223991,dtp,1d2,cv5,sp8.ghatREL1
dtp_1d2_cv5_sp9.ghatREL1,0.434768794785446,0.659369998396535,dtp,1d2,cv5,sp9.ghatREL1
dts_1a2_cv1_sp10.ghatREL1,0.241245790177535,0.491167782104582,dts,1a2,cv1,sp10.ghatREL1
dts_1a2_cv1_sp1.ghatREL1,0.342408802146861,0.585157074764427,dts,1a2,cv1,sp1.ghatREL1
dts_1a2_cv1_sp2.ghatREL1,0.210207653140784,0.458484081665639,dts,1a2,cv1,sp2.ghatREL1
dts_1a2_cv1_sp3.ghatREL1,0.26772477919369,0.517421278257563,dts,1a2,cv1,sp3.ghatREL1
dts_1a2_cv1_sp4.ghatREL1,0.00500618438152703,0.0707543947859568,dts,1a2,cv1,sp4.ghatREL1
dts_1a2_cv1_sp5.ghatREL1,0.127807931700421,0.357502352020824,dts,1a2,cv1,sp5.ghatREL1
dts_1a2_cv1_sp6.ghatREL1,0.114501321965087,0.338380439690428,dts,1a2,cv1,sp6.ghatREL1
dts_1a2_cv1_sp7.ghatREL1,0.149247526654271,0.386325674340019,dts,1a2,cv1,sp7.ghatREL1
dts_1a2_cv1_sp8.ghatREL1,0.023939239448009,0.154723105734111,dts,1a2,cv1,sp8.ghatREL1
dts_1a2_cv1_sp9.ghatREL1,0.479081783854926,0.692157340389399,dts,1a2,cv1,sp9.ghatREL1
dts_1a2_cv2_sp10.ghatREL1,0.0269486012670241,0.164160291383221,dts,1a2,cv2,sp10.ghatREL1
dts_1a2_cv2_sp1.ghatREL1,0.0837581366742208,0.28940998026022,dts,1a2,cv2,sp1.ghatREL1
dts_1a2_cv2_sp2.ghatREL1,0.32128824930524,0.566822943524025,dts,1a2,cv2,sp2.ghatREL1
dts_1a2_cv2_sp3.ghatREL1,0.0249601246172868,0.15798773565466,dts,1a2,cv2,sp3.ghatREL1
dts_1a2_cv2_sp4.ghatREL1,0.153087511028437,0.391263991479458,dts,1a2,cv2,sp4.ghatREL1
dts_1a2_cv2_sp5.ghatREL1,0.489033279835245,0.699309144681553,dts,1a2,cv2,sp5.ghatREL1
dts_1a2_cv2_sp6.ghatREL1,0.201181730449148,0.448532864402541,dts,1a2,cv2,sp6.ghatREL1
dts_1a2_cv2_sp7.ghatREL1,0.0512315745062959,0.226343929687314,dts,1a2,cv2,sp7.ghatREL1
dts_1a2_cv2_sp8.ghatREL1,0.338144268970023,0.581501735999148,dts,1a2,cv2,sp8.ghatREL1
dts_1a2_cv2_sp9.ghatREL1,0.234943875493697,0.484710094276668,dts,1a2,cv2,sp9.ghatREL1
dts_1a2_cv3_sp10.ghatREL1,0.379333659817272,0.615900689898357,dts,1a2,cv3,sp10.ghatREL1
dts_1a2_cv3_sp1.ghatREL1,0.256754935357365,0.506709912432513,dts,1a2,cv3,sp1.ghatREL1
dts_1a2_cv3_sp2.ghatREL1,0.17324665483265,0.416229089363838,dts,1a2,cv3,sp2.ghatREL1
dts_1a2_cv3_sp3.ghatREL1,0.428980265574923,0.654965850693701,dts,1a2,cv3,sp3.ghatREL1
dts_1a2_cv3_sp4.ghatREL1,0.352666399514019,0.593857221488481,dts,1a2,cv3,sp4.ghatREL1
dts_1a2_cv3_sp5.ghatREL1,0.00598306842584299,-0.0773502968697793,dts,1a2,cv3,sp5.ghatREL1
dts_1a2_cv3_sp6.ghatREL1,0.13171954007587,0.362931866988653,dts,1a2,cv3,sp6.ghatREL1
dts_1a2_cv3_sp7.ghatREL1,0.523129392385167,0.723276843528926,dts,1a2,cv3,sp7.ghatREL1
dts_1a2_cv3_sp8.ghatREL1,0.397147809184348,0.630196643266487,dts,1a2,cv3,sp8.ghatREL1
dts_1a2_cv3_sp9.ghatREL1,0.0400935806921415,0.200233815056652,dts,1a2,cv3,sp9.ghatREL1
dts_1a2_cv4_sp10.ghatREL1,0.23170900357487,0.48136161414769,dts,1a2,cv4,sp10.ghatREL1
dts_1a2_cv4_sp1.ghatREL1,0.159265221775656,0.399080470300985,dts,1a2,cv4,sp1.ghatREL1
dts_1a2_cv4_sp2.ghatREL1,0.278246266095637,0.527490536498653,dts,1a2,cv4,sp2.ghatREL1
dts_1a2_cv4_sp3.ghatREL1,0.312401163300784,0.558928585152687,dts,1a2,cv4,sp3.ghatREL1
dts_1a2_cv4_sp4.ghatREL1,0.197950645088226,0.444916447311432,dts,1a2,cv4,sp4.ghatREL1
dts_1a2_cv4_sp5.ghatREL1,0.00140552822538729,-0.0374903751033154,dts,1a2,cv4,sp5.ghatREL1
dts_1a2_cv4_sp6.ghatREL1,0.0255284307132526,0.159776189444024,dts,1a2,cv4,sp6.ghatREL1
dts_1a2_cv4_sp7.ghatREL1,0.189067905688468,0.434819394333404,dts,1a2,cv4,sp7.ghatREL1
dts_1a2_cv4_sp8.ghatREL1,0.135878950352514,0.368617620784078,dts,1a2,cv4,sp8.ghatREL1
dts_1a2_cv4_sp9.ghatREL1,0.0789954081852735,0.281061217860582,dts,1a2,cv4,sp9.ghatREL1
dts_1a2_cv5_sp10.ghatREL1,0.44511087939525,0.667166305650435,dts,1a2,cv5,sp10.ghatREL1
dts_1a2_cv5_sp1.ghatREL1,0.0729331251699081,0.27006133594039,dts,1a2,cv5,sp1.ghatREL1
dts_1a2_cv5_sp2.ghatREL1,0.250686748179583,0.500686277203184,dts,1a2,cv5,sp2.ghatREL1
dts_1a2_cv5_sp3.ghatREL1,0.226081054623174,0.475479815158514,dts,1a2,cv5,sp3.ghatREL1
dts_1a2_cv5_sp4.ghatREL1,0.555046333885162,0.745014317906147,dts,1a2,cv5,sp4.ghatREL1
dts_1a2_cv5_sp5.ghatREL1,0.0381520348998527,0.195325458913713,dts,1a2,cv5,sp5.ghatREL1
dts_1a2_cv5_sp6.ghatREL1,0.143878182530381,0.37931277665059,dts,1a2,cv5,sp6.ghatREL1
dts_1a2_cv5_sp7.ghatREL1,0.402420017491872,0.634365838843701,dts,1a2,cv5,sp7.ghatREL1
dts_1a2_cv5_sp8.ghatREL1,0.219574504481735,0.468587776709695,dts,1a2,cv5,sp8.ghatREL1
dts_1a2_cv5_sp9.ghatREL1,0.192012163052135,0.438191924905212,dts,1a2,cv5,sp9.ghatREL1
dts_1d2_cv1_sp10.ghatREL1,0.614521157034034,0.783913998493479,dts,1d2,cv1,sp10.ghatREL1
dts_1d2_cv1_sp1.ghatREL1,0.697256457782171,0.835018836782842,dts,1d2,cv1,sp1.ghatREL1
dts_1d2_cv1_sp2.ghatREL1,0.529543384374318,0.727697316453976,dts,1d2,cv1,sp2.ghatREL1
dts_1d2_cv1_sp3.ghatREL1,0.575120841810451,0.758367220949357,dts,1d2,cv1,sp3.ghatREL1
dts_1d2_cv1_sp4.ghatREL1,0.782405400971929,0.884536828499486,dts,1d2,cv1,sp4.ghatREL1
dts_1d2_cv1_sp5.ghatREL1,0.397288225287421,0.630308039999032,dts,1d2,cv1,sp5.ghatREL1
dts_1d2_cv1_sp6.ghatREL1,0.79971959126633,0.894270424014084,dts,1d2,cv1,sp6.ghatREL1
dts_1d2_cv1_sp7.ghatREL1,0.698737074730306,0.835904943597241,dts,1d2,cv1,sp7.ghatREL1
dts_1d2_cv1_sp8.ghatREL1,0.611713376646989,0.782121075439723,dts,1d2,cv1,sp8.ghatREL1
dts_1d2_cv1_sp9.ghatREL1,0.707085919889342,0.840884010960692,dts,1d2,cv1,sp9.ghatREL1
dts_1d2_cv2_sp10.ghatREL1,0.424092797156974,0.651224075996099,dts,1d2,cv2,sp10.ghatREL1
dts_1d2_cv2_sp1.ghatREL1,0.736531249207842,0.85821398800523,dts,1d2,cv2,sp1.ghatREL1
dts_1d2_cv2_sp2.ghatREL1,0.755769420886711,0.869349999072129,dts,1d2,cv2,sp2.ghatREL1
dts_1d2_cv2_sp3.ghatREL1,0.501749963195726,0.708343111207927,dts,1d2,cv2,sp3.ghatREL1
dts_1d2_cv2_sp4.ghatREL1,0.87062794230684,0.933074457000533,dts,1d2,cv2,sp4.ghatREL1
dts_1d2_cv2_sp5.ghatREL1,0.795718618971246,0.892030615489875,dts,1d2,cv2,sp5.ghatREL1
dts_1d2_cv2_sp6.ghatREL1,0.74366658934343,0.862361055094344,dts,1d2,cv2,sp6.ghatREL1
dts_1d2_cv2_sp7.ghatREL1,0.533083827255633,0.730125898222788,dts,1d2,cv2,sp7.ghatREL1
dts_1d2_cv2_sp8.ghatREL1,0.676031335478431,0.822211247477454,dts,1d2,cv2,sp8.ghatREL1
dts_1d2_cv2_sp9.ghatREL1,0.706012301158549,0.84024538151575,dts,1d2,cv2,sp9.ghatREL1
dts_1d2_cv3_sp10.ghatREL1,0.867078186149443,0.93117033143751,dts,1d2,cv3,sp10.ghatREL1
dts_1d2_cv3_sp1.ghatREL1,0.439618454335496,0.663037294830009,dts,1d2,cv3,sp1.ghatREL1
dts_1d2_cv3_sp2.ghatREL1,0.620827634659941,0.78792616066478,dts,1d2,cv3,sp2.ghatREL1
dts_1d2_cv3_sp3.ghatREL1,0.697148813867649,0.834954378315156,dts,1d2,cv3,sp3.ghatREL1
dts_1d2_cv3_sp4.ghatREL1,0.302704012228366,0.550185434402226,dts,1d2,cv3,sp4.ghatREL1
dts_1d2_cv3_sp5.ghatREL1,0.0173852013053466,0.131852953343285,dts,1d2,cv3,sp5.ghatREL1
dts_1d2_cv3_sp6.ghatREL1,0.290000517986757,0.538516961651866,dts,1d2,cv3,sp6.ghatREL1
dts_1d2_cv3_sp7.ghatREL1,0.626430744359069,0.791473779956777,dts,1d2,cv3,sp7.ghatREL1
dts_1d2_cv3_sp8.ghatREL1,0.68216769596891,0.825934438057229,dts,1d2,cv3,sp8.ghatREL1
dts_1d2_cv3_sp9.ghatREL1,0.510966521188783,0.714819222733121,dts,1d2,cv3,sp9.ghatREL1
dts_1d2_cv4_sp10.ghatREL1,0.460543664577555,0.678633674803686,dts,1d2,cv4,sp10.ghatREL1
dts_1d2_cv4_sp1.ghatREL1,0.90488094947837,0.951252305899108,dts,1d2,cv4,sp1.ghatREL1
dts_1d2_cv4_sp2.ghatREL1,0.498367586701039,0.705951546992454,dts,1d2,cv4,sp2.ghatREL1
dts_1d2_cv4_sp3.ghatREL1,0.739430663775754,0.859901543070922,dts,1d2,cv4,sp3.ghatREL1
dts_1d2_cv4_sp4.ghatREL1,0.598363597035147,0.773539654468436,dts,1d2,cv4,sp4.ghatREL1
dts_1d2_cv4_sp5.ghatREL1,0.60328736926333,0.776715758346212,dts,1d2,cv4,sp5.ghatREL1
dts_1d2_cv4_sp6.ghatREL1,0.492480720361958,0.701769706073123,dts,1d2,cv4,sp6.ghatREL1
dts_1d2_cv4_sp7.ghatREL1,0.491352013411182,0.700965058623596,dts,1d2,cv4,sp7.ghatREL1
dts_1d2_cv4_sp8.ghatREL1,0.785199788632967,0.886114997408896,dts,1d2,cv4,sp8.ghatREL1
dts_1d2_cv4_sp9.ghatREL1,0.781552644045993,0.884054661231981,dts,1d2,cv4,sp9.ghatREL1
dts_1d2_cv5_sp10.ghatREL1,0.701711713364511,0.83768234633691,dts,1d2,cv5,sp10.ghatREL1
dts_1d2_cv5_sp1.ghatREL1,0.490274530139915,0.700196065498739,dts,1d2,cv5,sp1.ghatREL1
dts_1d2_cv5_sp2.ghatREL1,0.728300077352161,0.853404990231579,dts,1d2,cv5,sp2.ghatREL1
dts_1d2_cv5_sp3.ghatREL1,0.809558793344285,0.899754851803693,dts,1d2,cv5,sp3.ghatREL1
dts_1d2_cv5_sp4.ghatREL1,0.793999301933181,0.891066384694867,dts,1d2,cv5,sp4.ghatREL1
dts_1d2_cv5_sp5.ghatREL1,0.682273969843584,0.825998771090844,dts,1d2,cv5,sp5.ghatREL1
dts_1d2_cv5_sp6.ghatREL1,0.846779989263998,0.920206492730842,dts,1d2,cv5,sp6.ghatREL1
dts_1d2_cv5_sp7.ghatREL1,0.73931550522111,0.859834580149641,dts,1d2,cv5,sp7.ghatREL1
dts_1d2_cv5_sp8.ghatREL1,0.509817348184394,0.714014949552454,dts,1d2,cv5,sp8.ghatREL1
dts_1d2_cv5_sp9.ghatREL1,0.686011576585327,0.828258158176137,dts,1d2,cv5,sp9.ghatREL1
eht_1a2_cv1_sp10.ghatREL1,0.237405393604076,0.48724264345814,eht,1a2,cv1,sp10.ghatREL1
eht_1a2_cv1_sp1.ghatREL1,0.0725546796080702,0.269359758702131,eht,1a2,cv1,sp1.ghatREL1
eht_1a2_cv1_sp2.ghatREL1,0.0852529809594448,0.291981131170226,eht,1a2,cv1,sp2.ghatREL1
eht_1a2_cv1_sp3.ghatREL1,0.283751146683629,0.532682970146061,eht,1a2,cv1,sp3.ghatREL1
eht_1a2_cv1_sp4.ghatREL1,0.260851898102417,0.510736623028364,eht,1a2,cv1,sp4.ghatREL1
eht_1a2_cv1_sp5.ghatREL1,0.0883743745862374,0.297278278026225,eht,1a2,cv1,sp5.ghatREL1
eht_1a2_cv1_sp6.ghatREL1,0.0276149812290052,0.166177559342425,eht,1a2,cv1,sp6.ghatREL1
eht_1a2_cv1_sp7.ghatREL1,0.00853933984465251,0.092408548547483,eht,1a2,cv1,sp7.ghatREL1
eht_1a2_cv1_sp8.ghatREL1,0.060006656675268,0.244962561782955,eht,1a2,cv1,sp8.ghatREL1
eht_1a2_cv1_sp9.ghatREL1,0.371491174881716,0.609500758721198,eht,1a2,cv1,sp9.ghatREL1
eht_1a2_cv2_sp10.ghatREL1,0.126353121729775,0.355461842860489,eht,1a2,cv2,sp10.ghatREL1
eht_1a2_cv2_sp1.ghatREL1,0.360761538240185,0.600634279940951,eht,1a2,cv2,sp1.ghatREL1
eht_1a2_cv2_sp2.ghatREL1,0.161758181613113,0.40219172245723,eht,1a2,cv2,sp2.ghatREL1
eht_1a2_cv2_sp3.ghatREL1,0.0157230233179937,-0.125391480244846,eht,1a2,cv2,sp3.ghatREL1
eht_1a2_cv2_sp4.ghatREL1,0.114439599291897,0.338289224321285,eht,1a2,cv2,sp4.ghatREL1
eht_1a2_cv2_sp5.ghatREL1,0.136415698087248,0.369344958118082,eht,1a2,cv2,sp5.ghatREL1
eht_1a2_cv2_sp6.ghatREL1,0.376010302288778,0.613196789202926,eht,1a2,cv2,sp6.ghatREL1
eht_1a2_cv2_sp7.ghatREL1,0.0107687012317226,0.103772352925635,eht,1a2,cv2,sp7.ghatREL1
eht_1a2_cv2_sp8.ghatREL1,0.453880461294246,0.673706509760924,eht,1a2,cv2,sp8.ghatREL1
eht_1a2_cv2_sp9.ghatREL1,0.221285371501678,0.470409791035091,eht,1a2,cv2,sp9.ghatREL1
eht_1a2_cv3_sp10.ghatREL1,0.373725467499479,0.611330898531621,eht,1a2,cv3,sp10.ghatREL1
eht_1a2_cv3_sp1.ghatREL1,0.235013613862656,0.484782027165464,eht,1a2,cv3,sp1.ghatREL1
eht_1a2_cv3_sp2.ghatREL1,0.14602184320699,0.382128045564559,eht,1a2,cv3,sp2.ghatREL1
eht_1a2_cv3_sp3.ghatREL1,0.465063034633783,0.681955302519001,eht,1a2,cv3,sp3.ghatREL1
eht_1a2_cv3_sp4.ghatREL1,0.240109637570149,0.49000983415657,eht,1a2,cv3,sp4.ghatREL1
eht_1a2_cv3_sp5.ghatREL1,0.0683608314099965,0.261459043465696,eht,1a2,cv3,sp5.ghatREL1
eht_1a2_cv3_sp6.ghatREL1,0.477086703618984,0.690714632550219,eht,1a2,cv3,sp6.ghatREL1
eht_1a2_cv3_sp7.ghatREL1,0.398804742226506,0.631509890838224,eht,1a2,cv3,sp7.ghatREL1
eht_1a2_cv3_sp8.ghatREL1,0.232191530364892,0.481862563771966,eht,1a2,cv3,sp8.ghatREL1
eht_1a2_cv3_sp9.ghatREL1,0.473570527886083,0.688164608132446,eht,1a2,cv3,sp9.ghatREL1
eht_1a2_cv4_sp10.ghatREL1,0.344570128739137,0.587000961446519,eht,1a2,cv4,sp10.ghatREL1
eht_1a2_cv4_sp1.ghatREL1,0.4906777174866,0.700483916650911,eht,1a2,cv4,sp1.ghatREL1
eht_1a2_cv4_sp2.ghatREL1,0.62738623679635,0.79207716593546,eht,1a2,cv4,sp2.ghatREL1
eht_1a2_cv4_sp3.ghatREL1,0.190980371926728,0.437013011164117,eht,1a2,cv4,sp3.ghatREL1
eht_1a2_cv4_sp4.ghatREL1,0.170675536833073,0.413128959083084,eht,1a2,cv4,sp4.ghatREL1
eht_1a2_cv4_sp5.ghatREL1,0.813969948625996,0.902202831200388,eht,1a2,cv4,sp5.ghatREL1
eht_1a2_cv4_sp6.ghatREL1,0.191021145189652,0.437059658616134,eht,1a2,cv4,sp6.ghatREL1
eht_1a2_cv4_sp7.ghatREL1,0.378003204195246,0.614819651764032,eht,1a2,cv4,sp7.ghatREL1
eht_1a2_cv4_sp8.ghatREL1,0.245861093377534,0.495843819541531,eht,1a2,cv4,sp8.ghatREL1
eht_1a2_cv4_sp9.ghatREL1,0.279602442741454,0.528774472475227,eht,1a2,cv4,sp9.ghatREL1
eht_1a2_cv5_sp10.ghatREL1,0.195672156967596,0.44234845649962,eht,1a2,cv5,sp10.ghatREL1
eht_1a2_cv5_sp1.ghatREL1,0.0220093728598986,0.14835556228163,eht,1a2,cv5,sp1.ghatREL1
eht_1a2_cv5_sp2.ghatREL1,0.267768907090241,0.517463918636113,eht,1a2,cv5,sp2.ghatREL1
eht_1a2_cv5_sp3.ghatREL1,0.559855735570311,0.748235080419457,eht,1a2,cv5,sp3.ghatREL1
eht_1a2_cv5_sp4.ghatREL1,0.263315718682774,0.513142980740041,eht,1a2,cv5,sp4.ghatREL1
eht_1a2_cv5_sp5.ghatREL1,0.326932326307243,0.571779963191474,eht,1a2,cv5,sp5.ghatREL1
eht_1a2_cv5_sp6.ghatREL1,0.133224206617432,0.364998913172946,eht,1a2,cv5,sp6.ghatREL1
eht_1a2_cv5_sp7.ghatREL1,0.336728154070001,0.580282822484003,eht,1a2,cv5,sp7.ghatREL1
eht_1a2_cv5_sp8.ghatREL1,0.299101961491633,0.546902149832704,eht,1a2,cv5,sp8.ghatREL1
eht_1a2_cv5_sp9.ghatREL1,0.0105203756966154,-0.10256888269166,eht,1a2,cv5,sp9.ghatREL1
eht_1d2_cv1_sp10.ghatREL1,0.0121666621775717,0.11030259370283,eht,1d2,cv1,sp10.ghatREL1
eht_1d2_cv1_sp1.ghatREL1,0.090523112591849,-0.300870591104962,eht,1d2,cv1,sp1.ghatREL1
eht_1d2_cv1_sp2.ghatREL1,0.0167365229469076,-0.129369714179585,eht,1d2,cv1,sp2.ghatREL1
eht_1d2_cv1_sp3.ghatREL1,0.253287095946679,0.503276361402638,eht,1d2,cv1,sp3.ghatREL1
eht_1d2_cv1_sp4.ghatREL1,0.242736185209956,0.49268264147416,eht,1d2,cv1,sp4.ghatREL1
eht_1d2_cv1_sp5.ghatREL1,0.118261079488918,0.343891086666866,eht,1d2,cv1,sp5.ghatREL1
eht_1d2_cv1_sp6.ghatREL1,0.0671476740444946,-0.259128682404119,eht,1d2,cv1,sp6.ghatREL1
eht_1d2_cv1_sp7.ghatREL1,0.00166561699609123,0.0408119712350583,eht,1d2,cv1,sp7.ghatREL1
eht_1d2_cv1_sp8.ghatREL1,0.00216946736589238,0.0465775414324585,eht,1d2,cv1,sp8.ghatREL1
eht_1d2_cv1_sp9.ghatREL1,0.268017730224244,0.517704288396614,eht,1d2,cv1,sp9.ghatREL1
eht_1d2_cv2_sp10.ghatREL1,0.132289317366551,0.363715984480407,eht,1d2,cv2,sp10.ghatREL1
eht_1d2_cv2_sp1.ghatREL1,0.0425603956886932,0.206301710338749,eht,1d2,cv2,sp1.ghatREL1
eht_1d2_cv2_sp2.ghatREL1,0.0589376180457834,0.242770710848289,eht,1d2,cv2,sp2.ghatREL1
eht_1d2_cv2_sp3.ghatREL1,0.112981257565477,-0.336126847433342,eht,1d2,cv2,sp3.ghatREL1
eht_1d2_cv2_sp4.ghatREL1,0.0373474157238269,0.19325479482752,eht,1d2,cv2,sp4.ghatREL1
eht_1d2_cv2_sp5.ghatREL1,0.000279595879784202,-0.0167211207693803,eht,1d2,cv2,sp5.ghatREL1
eht_1d2_cv2_sp6.ghatREL1,0.0414257799063278,0.203533240298306,eht,1d2,cv2,sp6.ghatREL1
eht_1d2_cv2_sp7.ghatREL1,0.0498679640614414,-0.223311361245776,eht,1d2,cv2,sp7.ghatREL1
eht_1d2_cv2_sp8.ghatREL1,0.345744958368034,0.588000814938239,eht,1d2,cv2,sp8.ghatREL1
eht_1d2_cv2_sp9.ghatREL1,0.0755023127429265,0.274776841715103,eht,1d2,cv2,sp9.ghatREL1
eht_1d2_cv3_sp10.ghatREL1,0.202178991151506,0.449643182036052,eht,1d2,cv3,sp10.ghatREL1
eht_1d2_cv3_sp1.ghatREL1,0.243240575931193,0.49319425780436,eht,1d2,cv3,sp1.ghatREL1
eht_1d2_cv3_sp2.ghatREL1,0.0997394836705642,0.315815584907655,eht,1d2,cv3,sp2.ghatREL1
eht_1d2_cv3_sp3.ghatREL1,0.2788805969224,0.528091466435881,eht,1d2,cv3,sp3.ghatREL1
eht_1d2_cv3_sp4.ghatREL1,0.0241338419444636,0.155350706288911,eht,1d2,cv3,sp4.ghatREL1
eht_1d2_cv3_sp5.ghatREL1,0.000667187198787399,-0.0258299670690343,eht,1d2,cv3,sp5.ghatREL1
eht_1d2_cv3_sp6.ghatREL1,0.02562855841553,0.160089220172784,eht,1d2,cv3,sp6.ghatREL1
eht_1d2_cv3_sp7.ghatREL1,0.262255981393036,0.512109345153001,eht,1d2,cv3,sp7.ghatREL1
eht_1d2_cv3_sp8.ghatREL1,0.0240972195126864,0.155232791357646,eht,1d2,cv3,sp8.ghatREL1
eht_1d2_cv3_sp9.ghatREL1,0.313774374050857,0.560155669480241,eht,1d2,cv3,sp9.ghatREL1
eht_1d2_cv4_sp10.ghatREL1,0.14243160630144,0.377401121224407,eht,1d2,cv4,sp10.ghatREL1
eht_1d2_cv4_sp1.ghatREL1,0.326942152998821,0.571788556197849,eht,1d2,cv4,sp1.ghatREL1
eht_1d2_cv4_sp2.ghatREL1,0.471794259039798,0.68687281139946,eht,1d2,cv4,sp2.ghatREL1
eht_1d2_cv4_sp3.ghatREL1,0.167281679756396,0.409000830997195,eht,1d2,cv4,sp3.ghatREL1
eht_1d2_cv4_sp4.ghatREL1,0.142098609655876,0.376959692349031,eht,1d2,cv4,sp4.ghatREL1
eht_1d2_cv4_sp5.ghatREL1,0.310881655816253,0.557567624433353,eht,1d2,cv4,sp5.ghatREL1
eht_1d2_cv4_sp6.ghatREL1,0.157493577178993,0.396854604583333,eht,1d2,cv4,sp6.ghatREL1
eht_1d2_cv4_sp7.ghatREL1,0.102547680728294,0.320230668000887,eht,1d2,cv4,sp7.ghatREL1
eht_1d2_cv4_sp8.ghatREL1,0.23472014518338,0.484479251550962,eht,1d2,cv4,sp8.ghatREL1
eht_1d2_cv4_sp9.ghatREL1,0.134110713989652,0.366211296917029,eht,1d2,cv4,sp9.ghatREL1
eht_1d2_cv5_sp10.ghatREL1,0.0127530453949517,0.112929382336714,eht,1d2,cv5,sp10.ghatREL1
eht_1d2_cv5_sp1.ghatREL1,0.0578026594176599,-0.2404218363994,eht,1d2,cv5,sp1.ghatREL1
eht_1d2_cv5_sp2.ghatREL1,0.0345875062629811,0.185977165972012,eht,1d2,cv5,sp2.ghatREL1
eht_1d2_cv5_sp3.ghatREL1,0.216418377120417,0.465207885918131,eht,1d2,cv5,sp3.ghatREL1
eht_1d2_cv5_sp4.ghatREL1,0.0522990682142205,0.228689895304144,eht,1d2,cv5,sp4.ghatREL1
eht_1d2_cv5_sp5.ghatREL1,0.254618481044807,0.504597345459533,eht,1d2,cv5,sp5.ghatREL1
eht_1d2_cv5_sp6.ghatREL1,0.000222956202839498,0.0149317180136613,eht,1d2,cv5,sp6.ghatREL1
eht_1d2_cv5_sp7.ghatREL1,0.372166553433682,0.610054549555761,eht,1d2,cv5,sp7.ghatREL1
eht_1d2_cv5_sp8.ghatREL1,0.0375032229946897,0.193657488868078,eht,1d2,cv5,sp8.ghatREL1
eht_1d2_cv5_sp9.ghatREL1,0.000173721382625058,-0.0131803407628581,eht,1d2,cv5,sp9.ghatREL1
gy_1a2_cv1_sp10.ghatREL1,0.763961699381098,0.874049025730879,gy,1a2,cv1,sp10.ghatREL1
gy_1a2_cv1_sp1.ghatREL1,0.527235514948518,0.726109850469278,gy,1a2,cv1,sp1.ghatREL1
gy_1a2_cv1_sp2.ghatREL1,0.381570282878402,0.617713754807518,gy,1a2,cv1,sp2.ghatREL1
gy_1a2_cv1_sp3.ghatREL1,0.580721580796695,0.762050904334281,gy,1a2,cv1,sp3.ghatREL1
gy_1a2_cv1_sp4.ghatREL1,0.723093433711667,0.850349007003399,gy,1a2,cv1,sp4.ghatREL1
gy_1a2_cv1_sp5.ghatREL1,0.748790627146733,0.865326890340716,gy,1a2,cv1,sp5.ghatREL1
gy_1a2_cv1_sp6.ghatREL1,0.802480082496309,0.895812526422973,gy,1a2,cv1,sp6.ghatREL1
gy_1a2_cv1_sp7.ghatREL1,0.649590953594087,0.805972055095018,gy,1a2,cv1,sp7.ghatREL1
gy_1a2_cv1_sp8.ghatREL1,0.380317877402103,0.616699179018509,gy,1a2,cv1,sp8.ghatREL1
gy_1a2_cv1_sp9.ghatREL1,0.670534701633858,0.818861833054794,gy,1a2,cv1,sp9.ghatREL1
gy_1a2_cv2_sp10.ghatREL1,0.589210438475451,0.767600441945841,gy,1a2,cv2,sp10.ghatREL1
gy_1a2_cv2_sp1.ghatREL1,0.65731673829803,0.810750725129512,gy,1a2,cv2,sp1.ghatREL1
gy_1a2_cv2_sp2.ghatREL1,0.681893988128861,0.825768725569612,gy,1a2,cv2,sp2.ghatREL1
gy_1a2_cv2_sp3.ghatREL1,0.76650184565264,0.875500911280303,gy,1a2,cv2,sp3.ghatREL1
gy_1a2_cv2_sp4.ghatREL1,0.616909660821085,0.785435968632125,gy,1a2,cv2,sp4.ghatREL1
gy_1a2_cv2_sp5.ghatREL1,0.449689681822792,0.670589055847761,gy,1a2,cv2,sp5.ghatREL1
gy_1a2_cv2_sp6.ghatREL1,0.75710250460951,0.870116374176184,gy,1a2,cv2,sp6.ghatREL1
gy_1a2_cv2_sp7.ghatREL1,0.357145682384126,0.597616668428957,gy,1a2,cv2,sp7.ghatREL1
gy_1a2_cv2_sp8.ghatREL1,0.607536277259263,0.779446134931249,gy,1a2,cv2,sp8.ghatREL1
gy_1a2_cv2_sp9.ghatREL1,0.204690318246362,0.452427141367936,gy,1a2,cv2,sp9.ghatREL1
gy_1a2_cv3_sp10.ghatREL1,0.811837003440708,0.901019979490304,gy,1a2,cv3,sp10.ghatREL1
gy_1a2_cv3_sp1.ghatREL1,0.730501769575751,0.854693962524453,gy,1a2,cv3,sp1.ghatREL1
gy_1a2_cv3_sp2.ghatREL1,0.253677985758233,0.503664556781826,gy,1a2,cv3,sp2.ghatREL1
gy_1a2_cv3_sp3.ghatREL1,0.666473215314555,0.816378108056895,gy,1a2,cv3,sp3.ghatREL1
gy_1a2_cv3_sp4.ghatREL1,0.629083702942062,0.793147970395223,gy,1a2,cv3,sp4.ghatREL1
gy_1a2_cv3_sp5.ghatREL1,0.727402916168488,0.852879192012848,gy,1a2,cv3,sp5.ghatREL1
gy_1a2_cv3_sp6.ghatREL1,0.587342440690804,0.766382698585246,gy,1a2,cv3,sp6.ghatREL1
gy_1a2_cv3_sp7.ghatREL1,0.883002563969434,0.939682161142497,gy,1a2,cv3,sp7.ghatREL1
gy_1a2_cv3_sp8.ghatREL1,0.730976986598415,0.854971921526324,gy,1a2,cv3,sp8.ghatREL1
gy_1a2_cv3_sp9.ghatREL1,0.714693202963321,0.845395293908903,gy,1a2,cv3,sp9.ghatREL1
gy_1a2_cv4_sp10.ghatREL1,0.0542645895369521,0.232947611142403,gy,1a2,cv4,sp10.ghatREL1
gy_1a2_cv4_sp1.ghatREL1,0.843637704426399,0.918497525541794,gy,1a2,cv4,sp1.ghatREL1
gy_1a2_cv4_sp2.ghatREL1,0.537636922459809,0.733237289327138,gy,1a2,cv4,sp2.ghatREL1
gy_1a2_cv4_sp3.ghatREL1,0.679740827902089,0.824463963980288,gy,1a2,cv4,sp3.ghatREL1
gy_1a2_cv4_sp4.ghatREL1,0.601483067544315,0.775553394386431,gy,1a2,cv4,sp4.ghatREL1
gy_1a2_cv4_sp5.ghatREL1,0.519515750669279,0.720774410387382,gy,1a2,cv4,sp5.ghatREL1
gy_1a2_cv4_sp6.ghatREL1,0.548759605764754,0.740783103050248,gy,1a2,cv4,sp6.ghatREL1
gy_1a2_cv4_sp7.ghatREL1,0.483284354575158,0.695186560985724,gy,1a2,cv4,sp7.ghatREL1
gy_1a2_cv4_sp8.ghatREL1,0.808773230492701,0.899318203136521,gy,1a2,cv4,sp8.ghatREL1
gy_1a2_cv4_sp9.ghatREL1,0.634481462183258,0.796543446513282,gy,1a2,cv4,sp9.ghatREL1
gy_1a2_cv5_sp10.ghatREL1,0.589772541964388,0.767966497944011,gy,1a2,cv5,sp10.ghatREL1
gy_1a2_cv5_sp1.ghatREL1,0.324218574669887,0.569401944736657,gy,1a2,cv5,sp1.ghatREL1
gy_1a2_cv5_sp2.ghatREL1,0.790780518540666,0.889258409316812,gy,1a2,cv5,sp2.ghatREL1
gy_1a2_cv5_sp3.ghatREL1,0.450364814697226,0.671092254982298,gy,1a2,cv5,sp3.ghatREL1
gy_1a2_cv5_sp4.ghatREL1,0.710863572303498,0.843127257478667,gy,1a2,cv5,sp4.ghatREL1
gy_1a2_cv5_sp5.ghatREL1,0.871633962649207,0.933613390354491,gy,1a2,cv5,sp5.ghatREL1
gy_1a2_cv5_sp6.ghatREL1,0.437840425021022,0.661695114853527,gy,1a2,cv5,sp6.ghatREL1
gy_1a2_cv5_sp7.ghatREL1,0.627114133917255,0.791905381922143,gy,1a2,cv5,sp7.ghatREL1
gy_1a2_cv5_sp8.ghatREL1,0.414989021124746,0.644196415020098,gy,1a2,cv5,sp8.ghatREL1
gy_1a2_cv5_sp9.ghatREL1,0.774044811673635,0.879798165304767,gy,1a2,cv5,sp9.ghatREL1
gy_1d2_cv1_sp10.ghatREL1,0.740107763602654,0.860295160745807,gy,1d2,cv1,sp10.ghatREL1
gy_1d2_cv1_sp1.ghatREL1,0.33685597242396,0.580392946566342,gy,1d2,cv1,sp1.ghatREL1
gy_1d2_cv1_sp2.ghatREL1,0.662144319729247,0.813722507817774,gy,1d2,cv1,sp2.ghatREL1
gy_1d2_cv1_sp3.ghatREL1,0.143020492449054,0.378180502470783,gy,1d2,cv1,sp3.ghatREL1
gy_1d2_cv1_sp4.ghatREL1,0.552889479326991,0.7435653833571,gy,1d2,cv1,sp4.ghatREL1
gy_1d2_cv1_sp5.ghatREL1,0.566146613457702,0.752427148272643,gy,1d2,cv1,sp5.ghatREL1
gy_1d2_cv1_sp6.ghatREL1,0.533823547448744,0.730632292913983,gy,1d2,cv1,sp6.ghatREL1
gy_1d2_cv1_sp7.ghatREL1,0.458505429340518,0.677130289782194,gy,1d2,cv1,sp7.ghatREL1
gy_1d2_cv1_sp8.ghatREL1,0.343631301562543,0.586200734870354,gy,1d2,cv1,sp8.ghatREL1
gy_1d2_cv1_sp9.ghatREL1,0.324224839850493,0.569407446254871,gy,1d2,cv1,sp9.ghatREL1
gy_1d2_cv2_sp10.ghatREL1,0.531410754203865,0.72897925498869,gy,1d2,cv2,sp10.ghatREL1
gy_1d2_cv2_sp1.ghatREL1,0.429785454518322,0.655580242623527,gy,1d2,cv2,sp1.ghatREL1
gy_1d2_cv2_sp2.ghatREL1,0.566521267273394,0.752676070612979,gy,1d2,cv2,sp2.ghatREL1
gy_1d2_cv2_sp3.ghatREL1,0.693524093655748,0.832780939776931,gy,1d2,cv2,sp3.ghatREL1
gy_1d2_cv2_sp4.ghatREL1,0.450718817243388,0.671355954202678,gy,1d2,cv2,sp4.ghatREL1
gy_1d2_cv2_sp5.ghatREL1,0.267189684695617,0.516903941458775,gy,1d2,cv2,sp5.ghatREL1
gy_1d2_cv2_sp6.ghatREL1,0.464540963191785,0.681572419623759,gy,1d2,cv2,sp6.ghatREL1
gy_1d2_cv2_sp7.ghatREL1,0.279065531766909,0.528266534778524,gy,1d2,cv2,sp7.ghatREL1
gy_1d2_cv2_sp8.ghatREL1,0.468634933249545,0.684569158850693,gy,1d2,cv2,sp8.ghatREL1
gy_1d2_cv2_sp9.ghatREL1,0.293016295602311,0.541309796329524,gy,1d2,cv2,sp9.ghatREL1
gy_1d2_cv3_sp10.ghatREL1,0.705525748997254,0.83995580181177,gy,1d2,cv3,sp10.ghatREL1
gy_1d2_cv3_sp1.ghatREL1,0.79632994496116,0.892373209459563,gy,1d2,cv3,sp1.ghatREL1
gy_1d2_cv3_sp2.ghatREL1,0.0747360634767609,0.273378974094133,gy,1d2,cv3,sp2.ghatREL1
gy_1d2_cv3_sp3.ghatREL1,0.688650140189123,0.829849468391179,gy,1d2,cv3,sp3.ghatREL1
gy_1d2_cv3_sp4.ghatREL1,0.663990488594328,0.814856115270867,gy,1d2,cv3,sp4.ghatREL1
gy_1d2_cv3_sp5.ghatREL1,0.83742849297344,0.915111191590093,gy,1d2,cv3,sp5.ghatREL1
gy_1d2_cv3_sp6.ghatREL1,0.343972230234336,0.586491457938081,gy,1d2,cv3,sp6.ghatREL1
gy_1d2_cv3_sp7.ghatREL1,0.833873480083764,0.913166731809566,gy,1d2,cv3,sp7.ghatREL1
gy_1d2_cv3_sp8.ghatREL1,0.320018767978394,0.565702013412003,gy,1d2,cv3,sp8.ghatREL1
gy_1d2_cv3_sp9.ghatREL1,0.565813939416753,0.752206048511146,gy,1d2,cv3,sp9.ghatREL1
gy_1d2_cv4_sp10.ghatREL1,0.00247664809456001,0.0497659330723338,gy,1d2,cv4,sp10.ghatREL1
gy_1d2_cv4_sp1.ghatREL1,0.807489019958817,0.898603928301461,gy,1d2,cv4,sp1.ghatREL1
gy_1d2_cv4_sp2.ghatREL1,0.338654137083598,0.581939977217237,gy,1d2,cv4,sp2.ghatREL1
gy_1d2_cv4_sp3.ghatREL1,0.458099062418695,0.676830157734342,gy,1d2,cv4,sp3.ghatREL1
gy_1d2_cv4_sp4.ghatREL1,0.501793548241765,0.708373876029999,gy,1d2,cv4,sp4.ghatREL1
gy_1d2_cv4_sp5.ghatREL1,0.287513200443599,0.536202574074015,gy,1d2,cv4,sp5.ghatREL1
gy_1d2_cv4_sp6.ghatREL1,0.172320380269601,0.415114900081413,gy,1d2,cv4,sp6.ghatREL1
gy_1d2_cv4_sp7.ghatREL1,0.470423170184179,0.68587401917858,gy,1d2,cv4,sp7.ghatREL1
gy_1d2_cv4_sp8.ghatREL1,0.560950686856716,0.748966412368883,gy,1d2,cv4,sp8.ghatREL1
gy_1d2_cv4_sp9.ghatREL1,0.525048329916103,0.724602187352552,gy,1d2,cv4,sp9.ghatREL1
gy_1d2_cv5_sp10.ghatREL1,0.395736506213584,0.629075914507608,gy,1d2,cv5,sp10.ghatREL1
gy_1d2_cv5_sp1.ghatREL1,0.127917231588601,0.357655185323239,gy,1d2,cv5,sp1.ghatREL1
gy_1d2_cv5_sp2.ghatREL1,0.751963191749806,0.867158112312746,gy,1d2,cv5,sp2.ghatREL1
gy_1d2_cv5_sp3.ghatREL1,0.349877022047537,0.591504033838771,gy,1d2,cv5,sp3.ghatREL1
gy_1d2_cv5_sp4.ghatREL1,0.654695794324242,0.809132742091334,gy,1d2,cv5,sp4.ghatREL1
gy_1d2_cv5_sp5.ghatREL1,0.850866380389939,0.922424186797993,gy,1d2,cv5,sp5.ghatREL1
gy_1d2_cv5_sp6.ghatREL1,0.291710314007648,0.540102132941213,gy,1d2,cv5,sp6.ghatREL1
gy_1d2_cv5_sp7.ghatREL1,0.683346183618761,0.826647557075421,gy,1d2,cv5,sp7.ghatREL1
gy_1d2_cv5_sp8.ghatREL1,0.0780133557545797,0.279308710488197,gy,1d2,cv5,sp8.ghatREL1
gy_1d2_cv5_sp9.ghatREL1,0.57850165711775,0.760592964152147,gy,1d2,cv5,sp9.ghatREL1
pht_1a2_cv1_sp10.ghatREL1,0.412514816596677,0.642273163534549,pht,1a2,cv1,sp10.ghatREL1
pht_1a2_cv1_sp1.ghatREL1,0.302733345222152,0.550212091126823,pht,1a2,cv1,sp1.ghatREL1
pht_1a2_cv1_sp2.ghatREL1,0.164033166322558,0.405010081754218,pht,1a2,cv1,sp2.ghatREL1
pht_1a2_cv1_sp3.ghatREL1,0.44481775061383,0.666946587526939,pht,1a2,cv1,sp3.ghatREL1
pht_1a2_cv1_sp4.ghatREL1,0.257192844994472,0.507141839128337,pht,1a2,cv1,sp4.ghatREL1
pht_1a2_cv1_sp5.ghatREL1,0.417380486950745,0.646049910572507,pht,1a2,cv1,sp5.ghatREL1
pht_1a2_cv1_sp6.ghatREL1,0.254660810323293,0.504639287336304,pht,1a2,cv1,sp6.ghatREL1
pht_1a2_cv1_sp7.ghatREL1,0.076242640383802,0.276120698941246,pht,1a2,cv1,sp7.ghatREL1
pht_1a2_cv1_sp8.ghatREL1,0.306842194188587,0.553933384251741,pht,1a2,cv1,sp8.ghatREL1
pht_1a2_cv1_sp9.ghatREL1,0.478228111082826,0.691540390058907,pht,1a2,cv1,sp9.ghatREL1
pht_1a2_cv2_sp10.ghatREL1,0.463742245800396,0.680986230257555,pht,1a2,cv2,sp10.ghatREL1
pht_1a2_cv2_sp1.ghatREL1,0.533642735318019,0.730508545684456,pht,1a2,cv2,sp1.ghatREL1
pht_1a2_cv2_sp2.ghatREL1,0.377754240735224,0.614617149724301,pht,1a2,cv2,sp2.ghatREL1
pht_1a2_cv2_sp3.ghatREL1,0.0981320239074665,0.313260313329771,pht,1a2,cv2,sp3.ghatREL1
pht_1a2_cv2_sp4.ghatREL1,0.225776356398698,0.475159295814254,pht,1a2,cv2,sp4.ghatREL1
pht_1a2_cv2_sp5.ghatREL1,0.00918218861340602,-0.0958237372126866,pht,1a2,cv2,sp5.ghatREL1
pht_1a2_cv2_sp6.ghatREL1,0.202673559252603,0.450192802310969,pht,1a2,cv2,sp6.ghatREL1
pht_1a2_cv2_sp7.ghatREL1,0.0158989185713914,0.126090913912904,pht,1a2,cv2,sp7.ghatREL1
pht_1a2_cv2_sp8.ghatREL1,0.000797747214191075,0.0282444191689451,pht,1a2,cv2,sp8.ghatREL1
pht_1a2_cv2_sp9.ghatREL1,0.0119923394421494,0.109509540416118,pht,1a2,cv2,sp9.ghatREL1
pht_1a2_cv3_sp10.ghatREL1,0.218113917945863,0.467026677980886,pht,1a2,cv3,sp10.ghatREL1
pht_1a2_cv3_sp1.ghatREL1,0.200609804346393,0.44789485858446,pht,1a2,cv3,sp1.ghatREL1
pht_1a2_cv3_sp2.ghatREL1,0.382938569491452,0.618820304685821,pht,1a2,cv3,sp2.ghatREL1
pht_1a2_cv3_sp3.ghatREL1,0.378057985208074,0.614864200623255,pht,1a2,cv3,sp3.ghatREL1
pht_1a2_cv3_sp4.ghatREL1,0.305691951131604,0.552894159068084,pht,1a2,cv3,sp4.ghatREL1
pht_1a2_cv3_sp5.ghatREL1,0.252257904366946,0.502252829127866,pht,1a2,cv3,sp5.ghatREL1
pht_1a2_cv3_sp6.ghatREL1,0.527709470604457,0.726436143514664,pht,1a2,cv3,sp6.ghatREL1
pht_1a2_cv3_sp7.ghatREL1,0.451706643214708,0.672091246197053,pht,1a2,cv3,sp7.ghatREL1
pht_1a2_cv3_sp8.ghatREL1,0.210518814691288,0.458823293536072,pht,1a2,cv3,sp8.ghatREL1
pht_1a2_cv3_sp9.ghatREL1,0.349713017927759,0.591365384451744,pht,1a2,cv3,sp9.ghatREL1
pht_1a2_cv4_sp10.ghatREL1,0.174182186797344,0.417351394866896,pht,1a2,cv4,sp10.ghatREL1
pht_1a2_cv4_sp1.ghatREL1,0.352054864981077,0.593342114619447,pht,1a2,cv4,sp1.ghatREL1
pht_1a2_cv4_sp2.ghatREL1,0.642318147346225,0.801447532497434,pht,1a2,cv4,sp2.ghatREL1
pht_1a2_cv4_sp3.ghatREL1,0.0574820599569194,0.239754165671672,pht,1a2,cv4,sp3.ghatREL1
pht_1a2_cv4_sp4.ghatREL1,0.22831426405551,0.477822418954479,pht,1a2,cv4,sp4.ghatREL1
pht_1a2_cv4_sp5.ghatREL1,0.783302529362145,0.885043800815612,pht,1a2,cv4,sp5.ghatREL1
pht_1a2_cv4_sp6.ghatREL1,0.167117326757467,0.408799861493942,pht,1a2,cv4,sp6.ghatREL1
pht_1a2_cv4_sp7.ghatREL1,0.169669581578566,0.411909676480859,pht,1a2,cv4,sp7.ghatREL1
pht_1a2_cv4_sp8.ghatREL1,0.276799456288816,0.526117340798434,pht,1a2,cv4,sp8.ghatREL1
pht_1a2_cv4_sp9.ghatREL1,0.278984955852953,0.528190264822207,pht,1a2,cv4,sp9.ghatREL1
pht_1a2_cv5_sp10.ghatREL1,0.122409178976421,0.3498702316237,pht,1a2,cv5,sp10.ghatREL1
pht_1a2_cv5_sp1.ghatREL1,0.0702942741765101,0.265130673775235,pht,1a2,cv5,sp1.ghatREL1
pht_1a2_cv5_sp2.ghatREL1,0.163603350961426,0.404479110661386,pht,1a2,cv5,sp2.ghatREL1
pht_1a2_cv5_sp3.ghatREL1,0.338093744015741,0.581458290865081,pht,1a2,cv5,sp3.ghatREL1
pht_1a2_cv5_sp4.ghatREL1,0.534142720146525,0.730850682524498,pht,1a2,cv5,sp4.ghatREL1
pht_1a2_cv5_sp5.ghatREL1,0.390181828687628,0.624645362335804,pht,1a2,cv5,sp5.ghatREL1
pht_1a2_cv5_sp6.ghatREL1,0.145900915126177,0.381969783001453,pht,1a2,cv5,sp6.ghatREL1
pht_1a2_cv5_sp7.ghatREL1,0.649744891054297,0.806067547451389,pht,1a2,cv5,sp7.ghatREL1
pht_1a2_cv5_sp8.ghatREL1,0.231520671472033,0.481165950033908,pht,1a2,cv5,sp8.ghatREL1
pht_1a2_cv5_sp9.ghatREL1,0.0236659003201828,-0.153837252706173,pht,1a2,cv5,sp9.ghatREL1
pht_1d2_cv1_sp10.ghatREL1,0.069697013800683,0.264001920070069,pht,1d2,cv1,sp10.ghatREL1
pht_1d2_cv1_sp1.ghatREL1,0.421162573667457,0.648970395062407,pht,1d2,cv1,sp1.ghatREL1
pht_1d2_cv1_sp2.ghatREL1,0.196679590969781,0.443485728033925,pht,1d2,cv1,sp2.ghatREL1
pht_1d2_cv1_sp3.ghatREL1,0.282289620319186,0.531309345221017,pht,1d2,cv1,sp3.ghatREL1
pht_1d2_cv1_sp4.ghatREL1,0.185518622763244,0.430718728131531,pht,1d2,cv1,sp4.ghatREL1
pht_1d2_cv1_sp5.ghatREL1,0.241199203848966,0.491120355767266,pht,1d2,cv1,sp5.ghatREL1
pht_1d2_cv1_sp6.ghatREL1,0.196915024581423,0.443751084034082,pht,1d2,cv1,sp6.ghatREL1
pht_1d2_cv1_sp7.ghatREL1,0.0274781724576598,0.165765413936864,pht,1d2,cv1,sp7.ghatREL1
pht_1d2_cv1_sp8.ghatREL1,0.302384727662646,0.549895196980884,pht,1d2,cv1,sp8.ghatREL1
pht_1d2_cv1_sp9.ghatREL1,0.396970398090436,0.630055869023086,pht,1d2,cv1,sp9.ghatREL1
pht_1d2_cv2_sp10.ghatREL1,0.354932436271694,0.595762063471394,pht,1d2,cv2,sp10.ghatREL1
pht_1d2_cv2_sp1.ghatREL1,0.15722532783835,0.396516491256479,pht,1d2,cv2,sp1.ghatREL1
pht_1d2_cv2_sp2.ghatREL1,0.445942965518878,0.6677896117183,pht,1d2,cv2,sp2.ghatREL1
pht_1d2_cv2_sp3.ghatREL1,0.118144266665185,0.343721204852399,pht,1d2,cv2,sp3.ghatREL1
pht_1d2_cv2_sp4.ghatREL1,0.13572919089909,0.368414428190714,pht,1d2,cv2,sp4.ghatREL1
pht_1d2_cv2_sp5.ghatREL1,0.239904986251588,0.489800965956161,pht,1d2,cv2,sp5.ghatREL1
pht_1d2_cv2_sp6.ghatREL1,0.0274501604905221,0.165680899594739,pht,1d2,cv2,sp6.ghatREL1
pht_1d2_cv2_sp7.ghatREL1,0.115169386118846,0.339366153466792,pht,1d2,cv2,sp7.ghatREL1
pht_1d2_cv2_sp8.ghatREL1,0.0340550686971187,0.184540154701135,pht,1d2,cv2,sp8.ghatREL1
pht_1d2_cv2_sp9.ghatREL1,0.0232039703422588,0.152328494846692,pht,1d2,cv2,sp9.ghatREL1
pht_1d2_cv3_sp10.ghatREL1,0.558043956204547,0.747023397360851,pht,1d2,cv3,sp10.ghatREL1
pht_1d2_cv3_sp1.ghatREL1,0.274762578182236,0.524178002383003,pht,1d2,cv3,sp1.ghatREL1
pht_1d2_cv3_sp2.ghatREL1,0.520559031042714,0.721497769256922,pht,1d2,cv3,sp2.ghatREL1
pht_1d2_cv3_sp3.ghatREL1,0.401251480463956,0.633444141549952,pht,1d2,cv3,sp3.ghatREL1
pht_1d2_cv3_sp4.ghatREL1,0.23879757085307,0.488669183449366,pht,1d2,cv3,sp4.ghatREL1
pht_1d2_cv3_sp5.ghatREL1,0.0641427863633957,0.253264261915091,pht,1d2,cv3,sp5.ghatREL1
pht_1d2_cv3_sp6.ghatREL1,0.315790604042486,0.561952492691763,pht,1d2,cv3,sp6.ghatREL1
pht_1d2_cv3_sp7.ghatREL1,0.266946248039978,0.516668412078751,pht,1d2,cv3,sp7.ghatREL1
pht_1d2_cv3_sp8.ghatREL1,0.183118057181127,0.427922957062515,pht,1d2,cv3,sp8.ghatREL1
pht_1d2_cv3_sp9.ghatREL1,0.406835894542319,0.637836887097571,pht,1d2,cv3,sp9.ghatREL1
pht_1d2_cv4_sp10.ghatREL1,0.389867561460922,0.624393755142476,pht,1d2,cv4,sp10.ghatREL1
pht_1d2_cv4_sp1.ghatREL1,0.579739293222743,0.761406128963212,pht,1d2,cv4,sp1.ghatREL1
pht_1d2_cv4_sp2.ghatREL1,0.546035258445419,0.738941985845586,pht,1d2,cv4,sp2.ghatREL1
pht_1d2_cv4_sp3.ghatREL1,0.0801887438441585,0.283176171038734,pht,1d2,cv4,sp3.ghatREL1
pht_1d2_cv4_sp4.ghatREL1,0.198364041428177,0.44538078250883,pht,1d2,cv4,sp4.ghatREL1
pht_1d2_cv4_sp5.ghatREL1,0.31211409406855,0.558671722989941,pht,1d2,cv4,sp5.ghatREL1
pht_1d2_cv4_sp6.ghatREL1,0.264072364985014,0.513879718402092,pht,1d2,cv4,sp6.ghatREL1
pht_1d2_cv4_sp7.ghatREL1,0.237596702093021,0.48743892139736,pht,1d2,cv4,sp7.ghatREL1
pht_1d2_cv4_sp8.ghatREL1,0.114561113199718,0.338468777289307,pht,1d2,cv4,sp8.ghatREL1
pht_1d2_cv4_sp9.ghatREL1,0.447784625377267,0.669167113191666,pht,1d2,cv4,sp9.ghatREL1
pht_1d2_cv5_sp10.ghatREL1,0.101435943412428,0.318490099394672,pht,1d2,cv5,sp10.ghatREL1
pht_1d2_cv5_sp1.ghatREL1,0.017992623354778,0.134136584699246,pht,1d2,cv5,sp1.ghatREL1
pht_1d2_cv5_sp2.ghatREL1,0.482381543412686,0.694536927321137,pht,1d2,cv5,sp2.ghatREL1
pht_1d2_cv5_sp3.ghatREL1,0.197987156328277,0.444957476988844,pht,1d2,cv5,sp3.ghatREL1
pht_1d2_cv5_sp4.ghatREL1,0.453770459857823,0.673624865825055,pht,1d2,cv5,sp4.ghatREL1
pht_1d2_cv5_sp5.ghatREL1,0.216128571335642,0.464896301701403,pht,1d2,cv5,sp5.ghatREL1
pht_1d2_cv5_sp6.ghatREL1,0.260371463859833,0.510266071633058,pht,1d2,cv5,sp6.ghatREL1
pht_1d2_cv5_sp7.ghatREL1,0.408866628202544,0.639426796594062,pht,1d2,cv5,sp7.ghatREL1
pht_1d2_cv5_sp8.ghatREL1,0.301233431248249,0.548847366075714,pht,1d2,cv5,sp8.ghatREL1
pht_1d2_cv5_sp9.ghatREL1,0.230214061114234,0.479806274567386,pht,1d2,cv5,sp9.ghatREL1
tw_1a2_cv1_sp10.ghatREL1,0.68793781061269,0.829420165303865,tw,1a2,cv1,sp10.ghatREL1
tw_1a2_cv1_sp1.ghatREL1,0.634741915262868,0.796706919301488,tw,1a2,cv1,sp1.ghatREL1
tw_1a2_cv1_sp2.ghatREL1,0.256780361394607,0.506735001154061,tw,1a2,cv1,sp2.ghatREL1
tw_1a2_cv1_sp3.ghatREL1,0.494945658560208,0.703523744133919,tw,1a2,cv1,sp3.ghatREL1
tw_1a2_cv1_sp4.ghatREL1,0.64392093899942,0.802446844968201,tw,1a2,cv1,sp4.ghatREL1
tw_1a2_cv1_sp5.ghatREL1,0.537250188052587,0.732973524796488,tw,1a2,cv1,sp5.ghatREL1
tw_1a2_cv1_sp6.ghatREL1,0.58705810566474,0.76619717153272,tw,1a2,cv1,sp6.ghatREL1
tw_1a2_cv1_sp7.ghatREL1,0.625854085211633,0.791109401544207,tw,1a2,cv1,sp7.ghatREL1
tw_1a2_cv1_sp8.ghatREL1,0.82880745466121,0.910388628367693,tw,1a2,cv1,sp8.ghatREL1
tw_1a2_cv1_sp9.ghatREL1,0.716238132068019,0.846308532432481,tw,1a2,cv1,sp9.ghatREL1
tw_1a2_cv2_sp10.ghatREL1,0.502147254076556,0.708623492467302,tw,1a2,cv2,sp10.ghatREL1
tw_1a2_cv2_sp1.ghatREL1,0.776300312136789,0.881079061229348,tw,1a2,cv2,sp1.ghatREL1
tw_1a2_cv2_sp2.ghatREL1,0.630695650256997,0.794163490886478,tw,1a2,cv2,sp2.ghatREL1
tw_1a2_cv2_sp3.ghatREL1,0.612146504486962,0.782397919531336,tw,1a2,cv2,sp3.ghatREL1
tw_1a2_cv2_sp4.ghatREL1,0.420525776951024,0.648479588692678,tw,1a2,cv2,sp4.ghatREL1
tw_1a2_cv2_sp5.ghatREL1,0.668919628892306,0.817875069244873,tw,1a2,cv2,sp5.ghatREL1
tw_1a2_cv2_sp6.ghatREL1,0.397013271424837,0.630089891543133,tw,1a2,cv2,sp6.ghatREL1
tw_1a2_cv2_sp7.ghatREL1,0.602890931058277,0.776460514809528,tw,1a2,cv2,sp7.ghatREL1
tw_1a2_cv2_sp8.ghatREL1,0.593075914657556,0.77011422182528,tw,1a2,cv2,sp8.ghatREL1
tw_1a2_cv2_sp9.ghatREL1,0.593313208824845,0.770268270685509,tw,1a2,cv2,sp9.ghatREL1
tw_1a2_cv3_sp10.ghatREL1,0.622619389385924,0.78906234822473,tw,1a2,cv3,sp10.ghatREL1
tw_1a2_cv3_sp1.ghatREL1,0.841485404122772,0.917325135446953,tw,1a2,cv3,sp1.ghatREL1
tw_1a2_cv3_sp2.ghatREL1,0.870017767099852,0.932747429425486,tw,1a2,cv3,sp2.ghatREL1
tw_1a2_cv3_sp3.ghatREL1,0.654019185244323,0.808714526420988,tw,1a2,cv3,sp3.ghatREL1
tw_1a2_cv3_sp4.ghatREL1,0.740006821957605,0.86023649187744,tw,1a2,cv3,sp4.ghatREL1
tw_1a2_cv3_sp5.ghatREL1,0.642687740826743,0.8016780780505,tw,1a2,cv3,sp5.ghatREL1
tw_1a2_cv3_sp6.ghatREL1,0.640544475296834,0.800340224714986,tw,1a2,cv3,sp6.ghatREL1
tw_1a2_cv3_sp7.ghatREL1,0.672604699522036,0.820124807283645,tw,1a2,cv3,sp7.ghatREL1
tw_1a2_cv3_sp8.ghatREL1,0.773086586260027,0.879253425503721,tw,1a2,cv3,sp8.ghatREL1
tw_1a2_cv3_sp9.ghatREL1,0.774266878135671,0.879924359326227,tw,1a2,cv3,sp9.ghatREL1
tw_1a2_cv4_sp10.ghatREL1,0.621551301759628,0.788385249582733,tw,1a2,cv4,sp10.ghatREL1
tw_1a2_cv4_sp1.ghatREL1,0.500392930176275,0.707384570213597,tw,1a2,cv4,sp1.ghatREL1
tw_1a2_cv4_sp2.ghatREL1,0.432097399007081,0.657341158765432,tw,1a2,cv4,sp2.ghatREL1
tw_1a2_cv4_sp3.ghatREL1,0.730008821134994,0.854405536694955,tw,1a2,cv4,sp3.ghatREL1
tw_1a2_cv4_sp4.ghatREL1,0.633407339833981,0.795868921264037,tw,1a2,cv4,sp4.ghatREL1
tw_1a2_cv4_sp5.ghatREL1,0.579212830947406,0.761060333316226,tw,1a2,cv4,sp5.ghatREL1
tw_1a2_cv4_sp6.ghatREL1,0.651707559664162,0.807284063799207,tw,1a2,cv4,sp6.ghatREL1
tw_1a2_cv4_sp7.ghatREL1,0.586528531851998,0.765851507703679,tw,1a2,cv4,sp7.ghatREL1
tw_1a2_cv4_sp8.ghatREL1,0.410340716128437,0.640578423089974,tw,1a2,cv4,sp8.ghatREL1
tw_1a2_cv4_sp9.ghatREL1,0.611266030066192,0.781835040188269,tw,1a2,cv4,sp9.ghatREL1
tw_1a2_cv5_sp10.ghatREL1,0.662951372677834,0.814218258624697,tw,1a2,cv5,sp10.ghatREL1
tw_1a2_cv5_sp1.ghatREL1,0.36931268011712,0.607711016945653,tw,1a2,cv5,sp1.ghatREL1
tw_1a2_cv5_sp2.ghatREL1,0.8232733477268,0.907344117590895,tw,1a2,cv5,sp2.ghatREL1
tw_1a2_cv5_sp3.ghatREL1,0.622830534082501,0.789196131568383,tw,1a2,cv5,sp3.ghatREL1
tw_1a2_cv5_sp4.ghatREL1,0.837820216475048,0.915325197115783,tw,1a2,cv5,sp4.ghatREL1
tw_1a2_cv5_sp5.ghatREL1,0.763565180084659,0.873822167311324,tw,1a2,cv5,sp5.ghatREL1
tw_1a2_cv5_sp6.ghatREL1,0.603847725007633,0.77707639586313,tw,1a2,cv5,sp6.ghatREL1
tw_1a2_cv5_sp7.ghatREL1,0.771095613395929,0.87812050049861,tw,1a2,cv5,sp7.ghatREL1
tw_1a2_cv5_sp8.ghatREL1,0.57768134695692,0.760053515850641,tw,1a2,cv5,sp8.ghatREL1
tw_1a2_cv5_sp9.ghatREL1,0.775599307150027,0.880681160891969,tw,1a2,cv5,sp9.ghatREL1
tw_1d2_cv1_sp10.ghatREL1,0.462319611211998,0.679940888027774,tw,1d2,cv1,sp10.ghatREL1
tw_1d2_cv1_sp1.ghatREL1,0.515053866897551,0.717672534584925,tw,1d2,cv1,sp1.ghatREL1
tw_1d2_cv1_sp2.ghatREL1,0.0353969667206202,0.188140816200579,tw,1d2,cv1,sp2.ghatREL1
tw_1d2_cv1_sp3.ghatREL1,0.323352891979301,0.568641268269637,tw,1d2,cv1,sp3.ghatREL1
tw_1d2_cv1_sp4.ghatREL1,0.450878697629422,0.671475016385139,tw,1d2,cv1,sp4.ghatREL1
tw_1d2_cv1_sp5.ghatREL1,0.356663837241042,0.597213393387189,tw,1d2,cv1,sp5.ghatREL1
tw_1d2_cv1_sp6.ghatREL1,0.240109875209571,0.49001007664085,tw,1d2,cv1,sp6.ghatREL1
tw_1d2_cv1_sp7.ghatREL1,0.540806459750351,0.735395444472123,tw,1d2,cv1,sp7.ghatREL1
tw_1d2_cv1_sp8.ghatREL1,0.564632998487807,0.75142065348765,tw,1d2,cv1,sp8.ghatREL1
tw_1d2_cv1_sp9.ghatREL1,0.359167720573703,0.59930603248566,tw,1d2,cv1,sp9.ghatREL1
tw_1d2_cv2_sp10.ghatREL1,0.518248904121532,0.719895064659796,tw,1d2,cv2,sp10.ghatREL1
tw_1d2_cv2_sp1.ghatREL1,0.709342441603418,0.842224697811349,tw,1d2,cv2,sp1.ghatREL1
tw_1d2_cv2_sp2.ghatREL1,0.449535443412884,0.670474043802505,tw,1d2,cv2,sp2.ghatREL1
tw_1d2_cv2_sp3.ghatREL1,0.300887848109507,0.548532449459015,tw,1d2,cv2,sp3.ghatREL1
tw_1d2_cv2_sp4.ghatREL1,0.126364681657697,0.355478102922947,tw,1d2,cv2,sp4.ghatREL1
tw_1d2_cv2_sp5.ghatREL1,0.406717880109355,0.637744368935826,tw,1d2,cv2,sp5.ghatREL1
tw_1d2_cv2_sp6.ghatREL1,0.296457327231095,0.544478950218551,tw,1d2,cv2,sp6.ghatREL1
tw_1d2_cv2_sp7.ghatREL1,0.307719212908073,0.554724447728846,tw,1d2,cv2,sp7.ghatREL1
tw_1d2_cv2_sp8.ghatREL1,0.52095934214229,0.721775132671035,tw,1d2,cv2,sp8.ghatREL1
tw_1d2_cv2_sp9.ghatREL1,0.127662530754814,0.357298937522649,tw,1d2,cv2,sp9.ghatREL1
tw_1d2_cv3_sp10.ghatREL1,0.62315608828821,0.789402361466072,tw,1d2,cv3,sp10.ghatREL1
tw_1d2_cv3_sp1.ghatREL1,0.632465544735277,0.795277023894993,tw,1d2,cv3,sp1.ghatREL1
tw_1d2_cv3_sp2.ghatREL1,0.795545681851195,0.891933675701952,tw,1d2,cv3,sp2.ghatREL1
tw_1d2_cv3_sp3.ghatREL1,0.617482473478723,0.785800530337517,tw,1d2,cv3,sp3.ghatREL1
tw_1d2_cv3_sp4.ghatREL1,0.726545352550733,0.852376297506408,tw,1d2,cv3,sp4.ghatREL1
tw_1d2_cv3_sp5.ghatREL1,0.526358346590106,0.725505579985507,tw,1d2,cv3,sp5.ghatREL1
tw_1d2_cv3_sp6.ghatREL1,0.461325721250638,0.679209629827668,tw,1d2,cv3,sp6.ghatREL1
tw_1d2_cv3_sp7.ghatREL1,0.403412177779616,0.635147366978417,tw,1d2,cv3,sp7.ghatREL1
tw_1d2_cv3_sp8.ghatREL1,0.702228770790427,0.837990913310178,tw,1d2,cv3,sp8.ghatREL1
tw_1d2_cv3_sp9.ghatREL1,0.434141505205479,0.658894153263997,tw,1d2,cv3,sp9.ghatREL1
tw_1d2_cv4_sp10.ghatREL1,0.278479377615803,0.52771145298904,tw,1d2,cv4,sp10.ghatREL1
tw_1d2_cv4_sp1.ghatREL1,0.596890737823224,0.772587042230987,tw,1d2,cv4,sp1.ghatREL1
tw_1d2_cv4_sp2.ghatREL1,0.350128236522495,0.591716348027072,tw,1d2,cv4,sp2.ghatREL1
tw_1d2_cv4_sp3.ghatREL1,0.308123361301258,0.555088606711809,tw,1d2,cv4,sp3.ghatREL1
tw_1d2_cv4_sp4.ghatREL1,0.6824868239108,0.82612760752247,tw,1d2,cv4,sp4.ghatREL1
tw_1d2_cv4_sp5.ghatREL1,0.295648560279712,0.543735744897935,tw,1d2,cv4,sp5.ghatREL1
tw_1d2_cv4_sp6.ghatREL1,0.399474046453619,0.632039592473145,tw,1d2,cv4,sp6.ghatREL1
tw_1d2_cv4_sp7.ghatREL1,0.47722562884078,0.690815191524318,tw,1d2,cv4,sp7.ghatREL1
tw_1d2_cv4_sp8.ghatREL1,0.122920362345113,0.350600003344429,tw,1d2,cv4,sp8.ghatREL1
tw_1d2_cv4_sp9.ghatREL1,0.524087331740234,0.723938762424167,tw,1d2,cv4,sp9.ghatREL1
tw_1d2_cv5_sp10.ghatREL1,0.416651287330411,0.645485311475335,tw,1d2,cv5,sp10.ghatREL1
tw_1d2_cv5_sp1.ghatREL1,0.0889747425264078,0.298286343177839,tw,1d2,cv5,sp1.ghatREL1
tw_1d2_cv5_sp2.ghatREL1,0.746389030658601,0.863938094228169,tw,1d2,cv5,sp2.ghatREL1
tw_1d2_cv5_sp3.ghatREL1,0.519117274616825,0.720497935192617,tw,1d2,cv5,sp3.ghatREL1
tw_1d2_cv5_sp4.ghatREL1,0.573668245709241,0.757408902581189,tw,1d2,cv5,sp4.ghatREL1
tw_1d2_cv5_sp5.ghatREL1,0.665577749070339,0.815829485291099,tw,1d2,cv5,sp5.ghatREL1
tw_1d2_cv5_sp6.ghatREL1,0.608369988693966,0.779980761746061,tw,1d2,cv5,sp6.ghatREL1
tw_1d2_cv5_sp7.ghatREL1,0.73238646238909,0.855795806480197,tw,1d2,cv5,sp7.ghatREL1
tw_1d2_cv5_sp8.ghatREL1,0.357758751540871,0.598129376925153,tw,1d2,cv5,sp8.ghatREL1
tw_1d2_cv5_sp9.ghatREL1,0.636860132180069,0.798035169763883,tw,1d2,cv5,sp9.ghatREL1
