Hyb,P1,P2,valHyb,valP1,valP2,BPHmax,pBPHmax,BPHmin,pBPHmin,MPH,pMPH,trait,pBPH
hyb1,B73,LH1,156.96123,78.63465,51.86018,78.327,0.9961,105.101,1.5103,91.714,1.6108,GY,99.61
hyb2,B73,LH123HT,183.29527,78.63465,78.89285,104.402,1.3233,104.661,1.3277,104.532,1.3288,GY,132.33
hyb3,B73,LH82,191.79534,78.63465,97.40162,94.394,0.9691,113.161,1.2004,103.777,1.2857,GY,96.91
hyb4,B73,MO17,196.08221,78.63465,74.87945,117.448,1.4936,121.203,1.5685,119.325,1.579,GY,149.36
hyb5,B73,PH207,149.04103,78.63465,73.38526,70.406,0.8954,75.656,0.9594,73.031,0.9953,GY,89.54
hyb6,B73,PHG35,174.82472,78.63465,73.80703,96.19,1.2233,101.018,1.3033,98.604,1.3253,GY,122.33
hyb7,B73,PHG39,184.88768,78.63465,37.24616,106.253,1.3512,147.642,2.8527,126.947,2.5482,GY,135.12
hyb8,B73,PHG47,195.67646,78.63465,64.27034,117.042,1.4884,131.406,1.8211,124.224,1.8391,GY,148.84
hyb9,B73,PHG84,180.65773,78.63465,37.65306,102.023,1.2974,143.005,2.7096,122.514,2.4595,GY,129.74
hyb10,B73,PHJ40,168.07613,78.63465,67.24853,89.441,1.1374,100.828,1.33,95.135,1.3823,GY,113.74
hyb11,B73,PHZ51,173.87233,78.63465,56.27893,95.238,1.2111,117.593,1.6922,106.416,1.7432,GY,121.11
hyb12,LH1,LH123HT,162.63143,51.86018,78.89285,83.739,1.0614,110.771,1.6147,97.255,1.6944,GY,106.14
hyb13,LH1,LH82,179.14718,51.86018,97.40162,81.746,0.8393,127.287,1.5763,104.516,1.7056,GY,83.93
hyb14,LH1,MO17,171.1182,51.86018,74.87945,96.239,1.2853,119.258,1.8557,107.748,1.8819,GY,128.53
hyb15,LH1,PH207,149.91677,51.86018,73.38526,76.532,1.0429,98.057,1.4757,87.294,1.5658,GY,104.29
hyb16,LH1,PHG35,145.27542,51.86018,73.80703,71.468,0.9683,93.415,1.3781,82.442,1.4867,GY,96.83
hyb17,LH1,PHG39,144.1456,51.86018,37.24616,92.285,1.7795,106.899,2.4777,99.592,2.3994,GY,177.95
hyb18,LH1,PHG47,168.20879,51.86018,64.27034,103.938,1.6172,116.349,2.0042,110.144,2.0038,GY,161.72
hyb19,LH1,PHG84,159.99784,51.86018,37.65306,108.138,2.0852,122.345,2.872,115.241,2.7336,GY,208.52
hyb20,LH1,PHJ40,161.009,51.86018,67.24853,93.76,1.3942,109.149,1.8079,101.455,1.8328,GY,139.42
hyb21,LH1,PHZ51,170.88696,51.86018,56.27893,114.608,2.0364,119.027,2.2099,116.817,2.2014,GY,203.64
hyb22,LH123HT,LH82,181.74756,78.89285,97.40162,84.346,0.866,102.855,1.0691,93.6,1.1669,GY,86.6
hyb23,LH123HT,MO17,161.96313,78.89285,74.87945,83.07,1.0529,87.084,1.1094,85.077,1.1326,GY,105.29
hyb24,LH123HT,PH207,173.79262,78.89285,73.38526,94.9,1.2029,100.407,1.2932,97.654,1.3187,GY,120.29
hyb25,LH123HT,PHG35,171.81788,78.89285,73.80703,92.925,1.1779,98.011,1.259,95.468,1.2837,GY,117.79
hyb26,LH123HT,PHG39,182.17552,78.89285,37.24616,103.283,1.3092,144.929,2.773,124.106,2.4958,GY,130.92
hyb27,LH123HT,PHG47,168.87023,78.89285,64.27034,89.977,1.1405,104.6,1.4,97.289,1.4613,GY,114.05
hyb28,LH123HT,PHG84,171.41219,78.89285,37.65306,92.519,1.1727,133.759,2.4571,113.139,2.2954,GY,117.27
hyb29,LH123HT,PHJ40,159.20625,78.89285,67.24853,80.313,1.018,91.958,1.1943,86.136,1.2585,GY,101.8
hyb30,LH123HT,PHZ51,165.95274,78.89285,56.27893,87.06,1.1035,109.674,1.5469,98.367,1.6227,GY,110.35
hyb31,LH82,MO17,175.39513,97.40162,74.87945,77.994,0.8007,100.516,1.0416,89.255,1.1669,GY,80.07
hyb32,LH82,PH207,165.96088,97.40162,73.38526,68.559,0.7039,92.576,0.9342,80.567,1.0841,GY,70.39
hyb33,LH82,PHG35,166.85671,97.40162,73.80703,69.455,0.7131,93.05,0.941,81.252,1.087,GY,71.31
hyb34,LH82,PHG39,181.69868,97.40162,37.24616,84.297,0.8655,144.453,2.2632,114.375,2.1456,GY,86.55
hyb35,LH82,PHG47,183.21935,97.40162,64.27034,85.818,0.8811,118.949,1.3353,102.383,1.4715,GY,88.11
hyb36,LH82,PHG84,174.13925,97.40162,37.65306,76.738,0.7879,136.486,2.038,106.612,2.0212,GY,78.79
hyb37,LH82,PHJ40,169.81505,97.40162,67.24853,72.413,0.7434,102.567,1.0768,87.49,1.2459,GY,74.34
hyb38,LH82,PHZ51,179.66968,97.40162,56.27893,82.268,0.8446,123.391,1.4618,102.829,1.6058,GY,84.46
hyb39,MO17,PH207,171.67827,74.87945,73.38526,96.799,1.2927,98.293,1.3191,97.546,1.3259,GY,129.27
hyb40,MO17,PHG35,169.79221,74.87945,73.80703,94.913,1.2675,95.985,1.286,95.449,1.2911,GY,126.75
hyb41,MO17,PHG39,201.20113,74.87945,37.24616,126.322,1.687,163.955,3.3915,145.138,2.9245,GY,168.7
hyb42,MO17,PHG47,187.32211,74.87945,64.27034,112.443,1.5017,123.052,1.7495,117.747,1.7686,GY,150.17
hyb43,MO17,PHG84,173.57131,74.87945,37.65306,98.692,1.318,135.918,2.6211,117.305,2.4156,GY,131.8
hyb44,MO17,PHJ40,161.42923,74.87945,67.24853,86.55,1.1559,94.181,1.287,90.365,1.3253,GY,115.59
hyb45,MO17,PHZ51,165.88884,74.87945,56.27893,91.009,1.2154,109.61,1.6171,100.31,1.6714,GY,121.54
hyb46,PH207,PHG35,158.82418,73.38526,73.80703,85.017,1.1519,85.439,1.1585,85.228,1.1609,GY,115.19
hyb47,PH207,PHG39,171.55467,73.38526,37.24616,98.169,1.3377,134.309,2.6357,116.239,2.428,GY,133.77
hyb48,PH207,PHG47,169.94545,73.38526,64.27034,96.56,1.3158,105.675,1.5024,101.118,1.5354,GY,131.58
hyb49,PH207,PHG84,169.47838,73.38526,37.65306,96.093,1.3094,131.825,2.5521,113.959,2.3744,GY,130.94
hyb50,PH207,PHJ40,162.42959,73.38526,67.24853,89.044,1.2134,95.181,1.3241,92.113,1.3536,GY,121.34
hyb51,PH207,PHZ51,161.14633,73.38526,56.27893,87.761,1.1959,104.867,1.5594,96.314,1.6175,GY,119.59
hyb52,PHG35,PHG39,158.20506,73.80703,37.24616,84.398,1.1435,120.959,2.266,102.678,2.1784,GY,114.35
hyb53,PHG35,PHG47,174.47499,73.80703,64.27034,100.668,1.3639,110.205,1.5663,105.436,1.5963,GY,136.39
hyb54,PHG35,PHG84,171.46862,73.80703,37.65306,97.662,1.3232,133.816,2.5937,115.739,2.4011,GY,132.32
hyb55,PHG35,PHJ40,146.08003,73.80703,67.24853,72.273,0.9792,78.831,1.0747,75.552,1.1177,GY,97.92
hyb56,PHG35,PHZ51,166.82014,73.80703,56.27893,93.013,1.2602,110.541,1.6527,101.777,1.6995,GY,126.02
hyb57,PHG39,PHG47,192.59449,37.24616,64.27034,128.324,1.9966,155.348,3.4453,141.836,3.0605,GY,199.66
hyb59,PHG39,PHJ40,180.35588,37.24616,67.24853,113.107,1.6819,143.11,3.0367,128.109,2.7391,GY,168.19
hyb60,PHG39,PHZ51,190.76214,37.24616,56.27893,134.483,2.3896,153.516,3.6107,144,3.2829,GY,238.96
hyb61,PHG47,PHG84,183.0247,64.27034,37.65306,118.754,1.8477,145.372,3.1539,132.063,2.8526,GY,184.77
hyb62,PHG47,PHJ40,173.27456,64.27034,67.24853,106.026,1.5766,109.004,1.6497,107.515,1.6576,GY,157.66
hyb63,PHG47,PHZ51,184.85769,64.27034,56.27893,120.587,1.8762,128.579,2.1427,124.583,2.1332,GY,187.62
hyb64,PHG84,PHJ40,168.53233,37.65306,67.24853,101.284,1.5061,130.879,2.6899,116.082,2.4953,GY,150.61
hyb65,PHG84,PHZ51,133.50681,37.65306,56.27893,77.228,1.3722,95.854,2.051,86.541,2.0409,GY,137.22
hyb66,PHJ40,PHZ51,161.96581,67.24853,56.27893,94.717,1.4085,105.687,1.683,100.202,1.7111,GY,140.85
hyb1,B73,LH1,-1.910851,-2.043093,-4.678851,0.132,-0.0646,2.768,-0.0282,1.45,-0.8236,ASI,2.82
hyb2,B73,LH123HT,-0.713503,-2.043093,-0.896816,0.183,-0.2041,1.33,-0.0896,0.756,-0.9048,ASI,8.96
hyb3,B73,LH82,-1.18437,-2.043093,-0.682811,-0.502,0.7352,0.859,0.2457,0.179,-0.6302,ASI,-24.57
hyb4,B73,MO17,-1.555635,-2.043093,-4.220733,0.487,-0.2384,2.665,-0.1154,1.576,-0.8509,ASI,11.54
hyb5,B73,PH207,-1.094337,-2.043093,-2.815722,0.949,-0.4645,1.721,-0.337,1.335,-0.7084,ASI,33.7
hyb6,B73,PHG35,-1.004443,-2.043093,-1.199539,0.195,-0.1626,1.039,-0.0954,0.617,-0.6408,ASI,9.54
hyb7,B73,PHG39,-0.833383,-2.043093,-2.998511,1.21,-0.5922,2.165,-0.4035,1.687,-0.8589,ASI,40.35
hyb8,B73,PHG47,-0.484465,-2.043093,-1.683702,1.199,-0.7121,1.559,-0.5869,1.379,-0.8366,ASI,58.69
hyb9,B73,PHG84,-1.134346,-2.043093,-3.518615,0.909,-0.4449,2.384,-0.2583,1.647,-0.8573,ASI,25.83
hyb10,B73,PHJ40,-1.39793,-2.043093,-1.554066,0.156,-0.1004,0.645,-0.0764,0.401,-0.3586,ASI,7.64
hyb11,B73,PHZ51,-1.237397,-2.043093,-2.438996,0.806,-0.3945,1.202,-0.3305,1.004,-0.5364,ASI,33.05
hyb12,LH1,LH123HT,-1.217077,-4.678851,-0.896816,-0.32,0.3568,3.462,0.0684,1.571,-1.2418,ASI,-6.84
hyb13,LH1,LH82,-0.910298,-4.678851,-0.682811,-0.227,0.3324,3.769,0.0485,1.771,-1.4059,ASI,-4.85
hyb14,LH1,MO17,-2.552716,-4.678851,-4.220733,1.668,-0.3952,2.126,-0.3565,1.897,-0.4778,ASI,35.65
hyb15,LH1,PH207,-2.522965,-4.678851,-2.815722,0.293,-0.1041,2.156,-0.0626,1.224,-0.5753,ASI,6.26
hyb16,LH1,PHG35,-1.061297,-4.678851,-1.199539,0.138,-0.115,3.618,-0.0295,1.878,-1.2309,ASI,2.95
hyb17,LH1,PHG39,-0.91979,-4.678851,-2.998511,2.079,-0.6933,3.759,-0.4443,2.919,-0.9792,ASI,44.43
hyb18,LH1,PHG47,-1.375153,-4.678851,-1.683702,0.309,-0.1835,3.304,-0.066,1.806,-1.0386,ASI,6.6
hyb19,LH1,PHG84,-1.757577,-4.678851,-3.518615,1.761,-0.5005,2.921,-0.3764,2.341,-0.7127,ASI,37.64
hyb20,LH1,PHJ40,-1.027628,-4.678851,-1.554066,0.526,-0.3385,3.651,-0.1124,2.089,-1.1715,ASI,11.24
hyb21,LH1,PHZ51,-0.378632,-4.678851,-2.438996,2.06,-0.8446,4.3,-0.4403,3.18,-1.2082,ASI,44.03
hyb22,LH123HT,LH82,-0.227196,-0.896816,-0.682811,0.456,-0.6678,0.67,-0.5085,0.563,-0.8483,ASI,50.85
hyb23,LH123HT,MO17,-1.019888,-0.896816,-4.220733,-0.123,0.1372,3.201,0.0291,1.539,-1.251,ASI,-2.91
hyb24,LH123HT,PH207,-1.450793,-0.896816,-2.815722,-0.554,0.6177,1.365,0.1968,0.405,-0.7353,ASI,-19.68
hyb25,LH123HT,PHG35,0.131978,-0.896816,-1.199539,1.029,-1.1474,1.332,-0.8578,1.18,-1.2708,ASI,85.78
hyb26,LH123HT,PHG39,-0.591542,-0.896816,-2.998511,0.305,-0.3401,2.407,-0.1017,1.356,-1.2358,ASI,10.17
hyb27,LH123HT,PHG47,0.064236,-0.896816,-1.683702,0.961,-1.0716,1.748,-0.5708,1.354,-1.3548,ASI,57.08
hyb28,LH123HT,PHG84,-1.243875,-0.896816,-3.518615,-0.347,0.3869,2.275,0.0986,0.964,-1.0305,ASI,-9.86
hyb29,LH123HT,PHJ40,-0.335773,-0.896816,-1.554066,0.561,-0.6255,1.218,-0.361,0.89,-0.9939,ASI,36.1
hyb30,LH123HT,PHZ51,-1.313435,-0.896816,-2.438996,-0.417,0.465,1.126,0.171,0.354,-0.6751,ASI,-17.1
hyb31,LH82,MO17,-1.399462,-0.682811,-4.220733,-0.717,1.0501,2.821,0.1699,1.052,-1.1506,ASI,-16.99
hyb32,LH82,PH207,-1.004486,-0.682811,-2.815722,-0.322,0.4716,1.811,0.1144,0.745,-1.0353,ASI,-11.44
hyb33,LH82,PHG35,-0.128388,-0.682811,-1.199539,0.554,-0.8114,1.071,-0.4618,0.813,-1.1379,ASI,46.18
hyb34,LH82,PHG39,-0.97061,-0.682811,-2.998511,-0.288,0.4218,2.028,0.096,0.87,-1.1018,ASI,-9.6
hyb35,LH82,PHG47,-0.603088,-0.682811,-1.683702,0.08,-0.1172,1.081,-0.0475,0.58,-0.9136,ASI,4.75
hyb36,LH82,PHG84,-0.453589,-0.682811,-3.518615,0.229,-0.3354,3.065,-0.0651,1.647,-1.459,ASI,6.51
hyb37,LH82,PHJ40,-0.370983,-0.682811,-1.554066,0.312,-0.4569,1.183,-0.2008,0.747,-1.0577,ASI,20.08
hyb38,LH82,PHZ51,-1.223232,-0.682811,-2.438996,-0.54,0.7908,1.216,0.2214,0.338,-0.779,ASI,-22.14
hyb39,MO17,PH207,-1.531574,-4.220733,-2.815722,1.284,-0.456,2.689,-0.3042,1.987,-0.7643,ASI,30.42
hyb40,MO17,PHG35,-0.331423,-4.220733,-1.199539,0.868,-0.7236,3.889,-0.2057,2.379,-1.435,ASI,20.57
hyb41,MO17,PHG39,-1.086762,-4.220733,-2.998511,1.912,-0.6376,3.134,-0.453,2.523,-0.8682,ASI,45.3
hyb42,MO17,PHG47,-0.924714,-4.220733,-1.683702,0.759,-0.4508,3.296,-0.1798,2.028,-1.1164,ASI,17.98
hyb43,MO17,PHG84,-1.242714,-4.220733,-3.518615,2.276,-0.6468,2.978,-0.5392,2.627,-0.7696,ASI,53.92
hyb44,MO17,PHJ40,-1.057916,-4.220733,-1.554066,0.496,-0.3192,3.163,-0.1175,1.829,-1.0954,ASI,11.75
hyb45,MO17,PHZ51,-1.441718,-4.220733,-2.438996,0.997,-0.4088,2.779,-0.2362,1.888,-0.8346,ASI,23.62
hyb46,PH207,PHG35,-0.798179,-2.815722,-1.199539,0.401,-0.3343,2.018,-0.1424,1.209,-1.0052,ASI,14.24
hyb47,PH207,PHG39,-1.455754,-2.815722,-2.998511,1.36,-0.483,1.543,-0.4536,1.451,-0.5308,ASI,45.36
hyb48,PH207,PHG47,-0.502735,-2.815722,-1.683702,1.181,-0.7014,2.313,-0.4194,1.747,-1.0281,ASI,41.94
hyb49,PH207,PHG84,-1.287328,-2.815722,-3.518615,1.528,-0.5427,2.231,-0.4343,1.88,-0.7044,ASI,43.43
hyb50,PH207,PHJ40,-0.303235,-2.815722,-1.554066,1.251,-0.805,2.512,-0.4443,1.882,-1.1497,ASI,44.43
hyb51,PH207,PHZ51,-2.291966,-2.815722,-2.438996,0.147,-0.0603,0.524,-0.0522,0.335,-0.1994,ASI,5.22
hyb52,PHG35,PHG39,-0.25762,-1.199539,-2.998511,0.942,-0.7853,2.741,-0.3142,1.841,-1.3058,ASI,31.42
hyb53,PHG35,PHG47,-0.886006,-1.199539,-1.683702,0.314,-0.2618,0.798,-0.1865,0.556,-0.5535,ASI,18.65
hyb54,PHG35,PHG84,-0.950106,-1.199539,-3.518615,0.249,-0.2076,2.569,-0.0708,1.409,-1.089,ASI,7.08
hyb55,PHG35,PHJ40,0.134878,-1.199539,-1.554066,1.334,-1.1121,1.689,-0.8584,1.512,-1.2268,ASI,85.84
hyb56,PHG35,PHZ51,-0.752914,-1.199539,-2.438996,0.447,-0.3726,1.686,-0.1833,1.066,-0.9267,ASI,18.33
hyb57,PHG39,PHG47,-0.55948,-2.998511,-1.683702,1.124,-0.6676,2.439,-0.3749,1.782,-1.0418,ASI,37.49
hyb58,PHG39,PHG84,-0.906606,-2.998511,-3.518615,2.092,-0.6977,2.612,-0.5946,2.352,-0.8016,ASI,59.46
hyb59,PHG39,PHJ40,-0.50687,-2.998511,-1.554066,1.047,-0.6737,2.492,-0.3492,1.769,-1.0948,ASI,34.92
hyb60,PHG39,PHZ51,-1.189343,-2.998511,-2.438996,1.25,-0.5125,1.809,-0.4169,1.529,-0.6654,ASI,41.69
hyb61,PHG47,PHG84,-0.525948,-1.683702,-3.518615,1.158,-0.6878,2.993,-0.3291,2.075,-1.1506,ASI,32.91
hyb62,PHG47,PHJ40,-0.281668,-1.683702,-1.554066,1.272,-0.8185,1.402,-0.7555,1.337,-0.866,ASI,75.55
hyb63,PHG47,PHZ51,-0.993204,-1.683702,-2.438996,0.69,-0.4098,1.446,-0.2829,1.068,-0.7015,ASI,28.29
hyb64,PHG84,PHJ40,-0.532094,-3.518615,-1.554066,1.022,-0.6576,2.987,-0.2905,2.004,-1.1777,ASI,29.05
hyb65,PHG84,PHZ51,-1.303649,-3.518615,-2.438996,1.135,-0.4654,2.215,-0.3226,1.675,-0.7436,ASI,32.26
hyb66,PHJ40,PHZ51,-0.442031,-1.554066,-2.438996,1.112,-0.7155,1.997,-0.4559,1.554,-1.0002,ASI,45.59
hyb1,B73,LH1,64.68529,67.83752,70.42608,-5.741,-0.0815,-3.152,-0.0846,-4.447,-0.0456,DTP,8.46
hyb2,B73,LH123HT,65.39116,67.83752,71.33032,-5.939,-0.0833,-2.446,-0.0875,-4.193,-0.0352,DTP,8.75
hyb3,B73,LH82,61.91219,67.83752,63.10158,-5.925,-0.0873,-1.189,-0.0939,-3.557,-0.0182,DTP,9.39
hyb4,B73,MO17,64.3655,67.83752,67.53029,-3.472,-0.0512,-3.165,-0.0514,-3.318,-0.0468,DTP,5.14
hyb5,B73,PH207,61.41941,67.83752,62.16413,-6.418,-0.0946,-0.745,-0.1032,-3.581,-0.0115,DTP,10.32
hyb6,B73,PHG35,62.71273,67.83752,63.28159,-5.125,-0.0755,-0.569,-0.081,-2.847,-0.0087,DTP,8.1
hyb7,B73,PHG39,65.3896,67.83752,71.30806,-5.918,-0.083,-2.448,-0.0872,-4.183,-0.0352,DTP,8.72
hyb8,B73,PHG47,62.19249,67.83752,65.39673,-5.645,-0.0832,-3.204,-0.0863,-4.425,-0.0481,DTP,8.63
hyb9,B73,PHG84,66.48963,67.83752,72.20846,-5.719,-0.0792,-1.348,-0.0843,-3.533,-0.0193,DTP,8.43
hyb10,B73,PHJ40,60.06495,67.83752,58.53029,-7.773,-0.1146,1.535,-0.1328,-3.119,0.0243,DTP,13.28
hyb11,B73,PHZ51,63.81526,67.83752,68.69282,-4.878,-0.071,-4.022,-0.0719,-4.45,-0.0589,DTP,7.19
hyb12,LH1,LH123HT,65.97556,70.42608,71.33032,-5.355,-0.0751,-4.451,-0.076,-4.903,-0.0628,DTP,7.6
hyb13,LH1,LH82,63.38999,70.42608,63.10158,-7.036,-0.0999,0.288,-0.1115,-3.374,0.0043,DTP,11.15
hyb14,LH1,MO17,64.94635,70.42608,67.53029,-5.48,-0.0778,-2.584,-0.0811,-4.032,-0.0375,DTP,8.11
hyb15,LH1,PH207,62.39702,70.42608,62.16413,-8.029,-0.114,0.233,-0.1292,-3.898,0.0035,DTP,12.92
hyb16,LH1,PHG35,64.11474,70.42608,63.28159,-6.311,-0.0896,0.833,-0.0997,-2.739,0.0125,DTP,9.97
hyb17,LH1,PHG39,66.79954,70.42608,71.30806,-4.509,-0.0632,-3.627,-0.064,-4.068,-0.0512,DTP,6.4
hyb18,LH1,PHG47,63.45722,70.42608,65.39673,-6.969,-0.099,-1.94,-0.1066,-4.454,-0.0286,DTP,10.66
hyb19,LH1,PHG84,66.85794,70.42608,72.20846,-5.351,-0.0741,-3.568,-0.076,-4.459,-0.05,DTP,7.6
hyb20,LH1,PHJ40,61.83906,70.42608,58.53029,-8.587,-0.1219,3.309,-0.1467,-2.639,0.0513,DTP,14.67
hyb21,LH1,PHZ51,65.86149,70.42608,68.69282,-4.565,-0.0648,-2.831,-0.0665,-3.698,-0.0407,DTP,6.65
hyb22,LH123HT,LH82,62.96493,71.33032,63.10158,-8.365,-0.1173,-0.137,-0.1326,-4.251,-0.002,DTP,13.26
hyb23,LH123HT,MO17,66.0369,71.33032,67.53029,-5.293,-0.0742,-1.493,-0.0784,-3.393,-0.0215,DTP,7.84
hyb24,LH123HT,PH207,61.89634,71.33032,62.16413,-9.434,-0.1323,-0.268,-0.1518,-4.851,-0.004,DTP,15.18
hyb25,LH123HT,PHG35,64.84886,71.33032,63.28159,-6.481,-0.0909,1.567,-0.1024,-2.457,0.0233,DTP,10.24
hyb26,LH123HT,PHG39,66.26024,71.33032,71.30806,-5.07,-0.0711,-5.048,-0.0711,-5.059,-0.0708,DTP,7.11
hyb27,LH123HT,PHG47,65.48337,71.33032,65.39673,-5.847,-0.082,0.087,-0.0894,-2.88,0.0013,DTP,8.94
hyb28,LH123HT,PHG84,66.90221,71.33032,72.20846,-5.306,-0.0735,-4.428,-0.0744,-4.867,-0.0617,DTP,7.44
hyb29,LH123HT,PHJ40,61.0038,71.33032,58.53029,-10.327,-0.1448,2.474,-0.1764,-3.927,0.0381,DTP,17.64
hyb30,LH123HT,PHZ51,64.18556,71.33032,68.69282,-7.145,-0.1002,-4.507,-0.104,-5.826,-0.0644,DTP,10.4
hyb31,LH82,MO17,61.88684,63.10158,67.53029,-5.643,-0.0836,-1.215,-0.0894,-3.429,-0.0186,DTP,8.94
hyb32,LH82,PH207,59.55814,63.10158,62.16413,-3.543,-0.0561,-2.606,-0.057,-3.075,-0.0416,DTP,5.7
hyb33,LH82,PHG35,60.57651,63.10158,63.28159,-2.705,-0.0427,-2.525,-0.0429,-2.615,-0.04,DTP,4.29
hyb34,LH82,PHG39,63.14963,63.10158,71.30806,-8.158,-0.1144,0.048,-0.1293,-4.055,7e-04,DTP,12.93
hyb35,LH82,PHG47,60.37851,63.10158,65.39673,-5.018,-0.0767,-2.723,-0.0795,-3.871,-0.0424,DTP,7.95
hyb36,LH82,PHG84,64.1496,63.10158,72.20846,-8.059,-0.1116,1.048,-0.1277,-3.505,0.0155,DTP,12.77
hyb37,LH82,PHJ40,57.96944,63.10158,58.53029,-5.132,-0.0813,-0.561,-0.0877,-2.846,-0.0092,DTP,8.77
hyb38,LH82,PHZ51,61.66194,63.10158,68.69282,-7.031,-0.1024,-1.44,-0.1114,-4.235,-0.0219,DTP,11.14
hyb39,MO17,PH207,62.44022,67.53029,62.16413,-5.09,-0.0754,0.276,-0.0819,-2.407,0.0043,DTP,8.19
hyb40,MO17,PHG35,63.86287,67.53029,63.28159,-3.667,-0.0543,0.581,-0.0579,-1.543,0.0089,DTP,5.79
hyb41,MO17,PHG39,65.20563,67.53029,71.30806,-6.102,-0.0856,-2.325,-0.0904,-4.214,-0.0335,DTP,9.04
hyb42,MO17,PHG47,63.30073,67.53029,65.39673,-4.23,-0.0626,-2.096,-0.0647,-3.163,-0.0315,DTP,6.47
hyb43,MO17,PHG84,66.33836,67.53029,72.20846,-5.87,-0.0813,-1.192,-0.0869,-3.531,-0.0171,DTP,8.69
hyb44,MO17,PHJ40,60.56807,67.53029,58.53029,-6.962,-0.1031,2.038,-0.1189,-2.462,0.0323,DTP,11.89
hyb45,MO17,PHZ51,64.03762,67.53029,68.69282,-4.655,-0.0678,-3.493,-0.0689,-4.074,-0.0513,DTP,6.89
hyb46,PH207,PHG35,61.37798,62.16413,63.28159,-1.904,-0.0301,-0.786,-0.0306,-1.345,-0.0125,DTP,3.06
hyb47,PH207,PHG39,62.96134,62.16413,71.30806,-8.347,-0.1171,0.797,-0.1343,-3.775,0.0119,DTP,13.43
hyb48,PH207,PHG47,60.2192,62.16413,65.39673,-5.178,-0.0792,-1.945,-0.0833,-3.561,-0.0305,DTP,8.33
hyb49,PH207,PHG84,64.1758,62.16413,72.20846,-8.033,-0.1112,2.012,-0.1292,-3.01,0.0299,DTP,12.92
hyb50,PH207,PHJ40,57.644,62.16413,58.53029,-4.52,-0.0727,-0.886,-0.0772,-2.703,-0.0147,DTP,7.72
hyb51,PH207,PHZ51,61.2826,62.16413,68.69282,-7.41,-0.1079,-0.882,-0.1192,-4.146,-0.0135,DTP,11.92
hyb52,PHG35,PHG39,64.24755,63.28159,71.30806,-7.061,-0.099,0.966,-0.1116,-3.047,0.0144,DTP,11.16
hyb53,PHG35,PHG47,62.11373,63.28159,65.39673,-3.283,-0.0502,-1.168,-0.0519,-2.225,-0.0182,DTP,5.19
hyb54,PHG35,PHG84,65.89153,63.28159,72.20846,-6.317,-0.0875,2.61,-0.0998,-1.853,0.0385,DTP,9.98
hyb55,PHG35,PHJ40,59.31936,63.28159,58.53029,-3.962,-0.0626,0.789,-0.0677,-1.587,0.013,DTP,6.77
hyb56,PHG35,PHZ51,62.53684,63.28159,68.69282,-6.156,-0.0896,-0.745,-0.0973,-3.45,-0.0113,DTP,9.73
hyb57,PHG39,PHG47,63.12654,71.30806,65.39673,-8.182,-0.1147,-2.27,-0.1251,-5.226,-0.0332,DTP,12.51
hyb58,PHG39,PHG84,66.76236,71.30806,72.20846,-5.446,-0.0754,-4.546,-0.0764,-4.996,-0.0634,DTP,7.64
hyb59,PHG39,PHJ40,61.13753,71.30806,58.53029,-10.171,-0.1426,2.607,-0.1738,-3.782,0.0402,DTP,17.38
hyb60,PHG39,PHZ51,64.74189,71.30806,68.69282,-6.566,-0.0921,-3.951,-0.0956,-5.259,-0.0564,DTP,9.56
hyb61,PHG47,PHG84,64.92917,65.39673,72.20846,-7.279,-0.1008,-0.468,-0.1113,-3.873,-0.0068,DTP,11.13
hyb62,PHG47,PHJ40,58.61018,65.39673,58.53029,-6.787,-0.1038,0.08,-0.116,-3.353,0.0013,DTP,11.6
hyb63,PHG47,PHZ51,62.55634,65.39673,68.69282,-6.136,-0.0893,-2.84,-0.0938,-4.488,-0.0424,DTP,9.38
hyb64,PHG84,PHJ40,62.3779,72.20846,58.53029,-9.831,-0.1361,3.848,-0.168,-2.991,0.0589,DTP,16.8
hyb65,PHG84,PHZ51,66.95249,72.20846,68.69282,-5.256,-0.0728,-1.74,-0.0765,-3.498,-0.0247,DTP,7.65
hyb66,PHJ40,PHZ51,60.42869,58.53029,68.69282,-8.264,-0.1203,1.898,-0.1412,-3.183,0.0298,DTP,14.12
hyb1,B73,LH1,66.52889,69.81974,75.06237,-8.533,-0.1137,-3.291,-0.1222,-5.912,-0.0454,DTS,12.22
hyb2,B73,LH123HT,66.24217,69.81974,72.20521,-5.963,-0.0826,-3.578,-0.0854,-4.77,-0.0504,DTS,8.54
hyb3,B73,LH82,63.0877,69.81974,63.7072,-6.732,-0.0964,-0.62,-0.1057,-3.676,-0.0093,DTS,10.57
hyb4,B73,MO17,65.93511,69.81974,71.6486,-5.713,-0.0797,-3.885,-0.0818,-4.799,-0.0549,DTS,8.18
hyb5,B73,PH207,62.54983,69.81974,64.91807,-7.27,-0.1041,-2.368,-0.112,-4.819,-0.0351,DTS,11.2
hyb6,B73,PHG35,63.77286,69.81974,64.38018,-6.047,-0.0866,-0.607,-0.0939,-3.327,-0.009,DTS,9.39
hyb7,B73,PHG39,66.27346,69.81974,74.20415,-7.931,-0.1069,-3.546,-0.1136,-5.738,-0.0492,DTS,11.36
hyb8,B73,PHG47,62.73472,69.81974,66.99702,-7.085,-0.1015,-4.262,-0.1058,-5.674,-0.0623,DTS,10.58
hyb9,B73,PHG84,67.64617,69.81974,75.6744,-8.028,-0.1061,-2.174,-0.115,-5.101,-0.0299,DTS,11.5
hyb10,B73,PHJ40,61.52563,69.81974,59.96965,-8.294,-0.1188,1.556,-0.1383,-3.369,0.024,DTS,13.83
hyb11,B73,PHZ51,65.07942,69.81974,71.09179,-6.012,-0.0846,-4.74,-0.0861,-5.376,-0.0673,DTS,8.61
hyb12,LH1,LH123HT,67.26975,75.06237,72.20521,-7.793,-0.1038,-4.935,-0.1079,-6.364,-0.067,DTS,10.79
hyb13,LH1,LH82,64.31274,75.06237,63.7072,-10.75,-0.1432,0.606,-0.1687,-5.072,0.0087,DTS,16.87
hyb14,LH1,MO17,67.51114,75.06237,71.6486,-7.551,-0.1006,-4.137,-0.1054,-5.844,-0.0564,DTS,10.54
hyb15,LH1,PH207,64.915,75.06237,64.91807,-10.147,-0.1352,-0.003,-0.1563,-5.075,0,DTS,15.63
hyb16,LH1,PHG35,65.1121,75.06237,64.38018,-9.95,-0.1326,0.732,-0.1546,-4.609,0.0105,DTS,15.46
hyb17,LH1,PHG39,67.63575,75.06237,74.20415,-7.427,-0.0989,-6.568,-0.1001,-6.998,-0.088,DTS,10.01
hyb18,LH1,PHG47,64.8558,75.06237,66.99702,-10.207,-0.136,-2.141,-0.1524,-6.174,-0.0301,DTS,15.24
hyb19,LH1,PHG84,68.51046,75.06237,75.6744,-7.164,-0.0947,-6.552,-0.0954,-6.858,-0.0869,DTS,9.54
hyb20,LH1,PHJ40,62.91055,75.06237,59.96965,-12.152,-0.1619,2.941,-0.2026,-4.605,0.0436,DTS,20.26
hyb21,LH1,PHZ51,66.25749,75.06237,71.09179,-8.805,-0.1173,-4.834,-0.1239,-6.82,-0.0661,DTS,12.39
hyb22,LH123HT,LH82,63.19744,72.20521,63.7072,-9.008,-0.1248,-0.51,-0.1414,-4.759,-0.0075,DTS,14.14
hyb23,LH123HT,MO17,67.10695,72.20521,71.6486,-5.098,-0.0706,-4.542,-0.0712,-4.82,-0.0631,DTS,7.12
hyb24,LH123HT,PH207,63.36214,72.20521,64.91807,-8.843,-0.1225,-1.556,-0.1362,-5.2,-0.0227,DTS,13.62
hyb25,LH123HT,PHG35,64.81636,72.20521,64.38018,-7.389,-0.1023,0.436,-0.1148,-3.476,0.0064,DTS,11.48
hyb26,LH123HT,PHG39,66.96385,72.20521,74.20415,-7.24,-0.0976,-5.241,-0.1003,-6.241,-0.0716,DTS,10.03
hyb27,LH123HT,PHG47,65.463,72.20521,66.99702,-6.742,-0.0934,-1.534,-0.1006,-4.138,-0.022,DTS,10.06
hyb28,LH123HT,PHG84,68.19167,72.20521,75.6744,-7.483,-0.0989,-4.014,-0.1036,-5.748,-0.0543,DTS,10.36
hyb29,LH123HT,PHJ40,61.31952,72.20521,59.96965,-10.886,-0.1508,1.35,-0.1815,-4.768,0.0204,DTS,18.15
hyb30,LH123HT,PHZ51,65.54424,72.20521,71.09179,-6.661,-0.0923,-5.548,-0.0937,-6.104,-0.0774,DTS,9.37
hyb31,LH82,MO17,63.32062,63.7072,71.6486,-8.328,-0.1162,-0.387,-0.1307,-4.357,-0.0057,DTS,13.07
hyb32,LH82,PH207,60.5918,63.7072,64.91807,-4.326,-0.0666,-3.115,-0.0679,-3.721,-0.0484,DTS,6.79
hyb33,LH82,PHG35,60.65283,63.7072,64.38018,-3.727,-0.0579,-3.054,-0.0585,-3.391,-0.0477,DTS,5.85
hyb34,LH82,PHG39,64.15419,63.7072,74.20415,-10.05,-0.1354,0.447,-0.1578,-4.801,0.0065,DTS,15.78
hyb35,LH82,PHG47,61.0433,63.7072,66.99702,-5.954,-0.0889,-2.664,-0.0935,-4.309,-0.0408,DTS,9.35
hyb36,LH82,PHG84,64.5681,63.7072,75.6744,-11.106,-0.1468,0.861,-0.1743,-5.123,0.0124,DTS,17.43
hyb37,LH82,PHJ40,58.44702,63.7072,59.96965,-5.26,-0.0826,-1.523,-0.0877,-3.391,-0.0246,DTS,8.77
hyb38,LH82,PHZ51,62.86128,63.7072,71.09179,-8.231,-0.1158,-0.846,-0.1292,-4.538,-0.0126,DTS,12.92
hyb39,MO17,PH207,64.05167,71.6486,64.91807,-7.597,-0.106,-0.866,-0.117,-4.232,-0.0127,DTS,11.7
hyb40,MO17,PHG35,64.1367,71.6486,64.38018,-7.512,-0.1048,-0.243,-0.1167,-3.878,-0.0036,DTS,11.67
hyb41,MO17,PHG39,66.27792,71.6486,74.20415,-7.926,-0.1068,-5.371,-0.1106,-6.648,-0.0736,DTS,11.06
hyb42,MO17,PHG47,64.28253,71.6486,66.99702,-7.366,-0.1028,-2.714,-0.1099,-5.04,-0.0392,DTS,10.99
hyb43,MO17,PHG84,67.49944,71.6486,75.6744,-8.175,-0.108,-4.149,-0.1141,-6.162,-0.0563,DTS,11.41
hyb44,MO17,PHJ40,61.72178,71.6486,59.96965,-9.927,-0.1386,1.752,-0.1655,-4.087,0.0266,DTS,16.55
hyb45,MO17,PHZ51,65.42622,71.6486,71.09179,-6.222,-0.0868,-5.666,-0.0875,-5.944,-0.0794,DTS,8.75
hyb46,PH207,PHG35,62.15548,64.91807,64.38018,-2.763,-0.0426,-2.225,-0.0429,-2.494,-0.0344,DTS,4.29
hyb47,PH207,PHG39,64.4336,64.91807,74.20415,-9.771,-0.1317,-0.484,-0.1505,-5.128,-0.007,DTS,15.05
hyb48,PH207,PHG47,60.63429,64.91807,66.99702,-6.363,-0.095,-4.284,-0.098,-5.323,-0.065,DTS,9.8
hyb49,PH207,PHG84,65.43999,64.91807,75.6744,-10.234,-0.1352,0.522,-0.1576,-4.856,0.0074,DTS,15.76
hyb50,PH207,PHJ40,57.92549,64.91807,59.96965,-6.993,-0.1077,-2.044,-0.1166,-4.518,-0.0327,DTS,11.66
hyb51,PH207,PHZ51,63.6052,64.91807,71.09179,-7.487,-0.1053,-1.313,-0.1153,-4.4,-0.0193,DTS,11.53
hyb52,PHG35,PHG39,64.50908,64.38018,74.20415,-9.695,-0.1307,0.129,-0.1506,-4.783,0.0019,DTS,15.06
hyb53,PHG35,PHG47,63.07095,64.38018,66.99702,-3.926,-0.0586,-1.309,-0.061,-2.618,-0.0199,DTS,6.1
hyb54,PHG35,PHG84,66.8025,64.38018,75.6744,-8.872,-0.1172,2.422,-0.1378,-3.225,0.0346,DTS,13.78
hyb55,PHG35,PHJ40,59.24929,64.38018,59.96965,-5.131,-0.0797,-0.72,-0.0856,-2.926,-0.0116,DTS,8.56
hyb56,PHG35,PHZ51,63.24668,64.38018,71.09179,-7.845,-0.1104,-1.133,-0.1219,-4.489,-0.0167,DTS,12.19
hyb57,PHG39,PHG47,63.72387,74.20415,66.99702,-10.48,-0.1412,-3.273,-0.1564,-6.877,-0.0464,DTS,15.64
hyb58,PHG39,PHG84,67.65998,74.20415,75.6744,-8.014,-0.1059,-6.544,-0.108,-7.279,-0.0873,DTS,10.8
hyb59,PHG39,PHJ40,61.57309,74.20415,59.96965,-12.631,-0.1702,1.603,-0.2106,-5.514,0.0239,DTS,21.06
hyb60,PHG39,PHZ51,65.99897,74.20415,71.09179,-8.205,-0.1106,-5.093,-0.1154,-6.649,-0.0701,DTS,11.54
hyb61,PHG47,PHG84,65.43761,66.99702,75.6744,-10.237,-0.1353,-1.559,-0.1528,-5.898,-0.0219,DTS,15.28
hyb62,PHG47,PHJ40,58.87823,66.99702,59.96965,-8.119,-0.1212,-1.091,-0.1354,-4.605,-0.0172,DTS,13.54
hyb63,PHG47,PHZ51,63.5909,66.99702,71.09179,-7.501,-0.1055,-3.406,-0.112,-5.454,-0.0493,DTS,11.2
hyb64,PHG84,PHJ40,62.89546,75.6744,59.96965,-12.779,-0.1689,2.926,-0.2131,-4.927,0.0431,DTS,21.31
hyb65,PHG84,PHZ51,68.22797,75.6744,71.09179,-7.446,-0.0984,-2.864,-0.1047,-5.155,-0.039,DTS,10.47
hyb66,PHJ40,PHZ51,60.86701,59.96965,71.09179,-10.225,-0.1438,0.897,-0.1705,-4.664,0.0137,DTS,17.05
hyb1,B73,LH1,99.34535,89.89069,58.12669,9.455,0.1052,41.219,0.1627,25.337,0.5569,EHT,10.52
hyb2,B73,LH123HT,133.33796,89.89069,94.01991,39.318,0.4182,43.447,0.4374,41.383,0.4725,EHT,41.82
hyb3,B73,LH82,103.19723,89.89069,61.54759,13.307,0.148,41.65,0.2162,27.478,0.5501,EHT,14.8
hyb4,B73,MO17,123.77414,89.89069,84.62486,33.883,0.3769,39.149,0.4004,36.516,0.4487,EHT,37.69
hyb5,B73,PH207,106.18711,89.89069,69.42718,16.296,0.1813,36.76,0.2347,26.528,0.4615,EHT,18.13
hyb6,B73,PHG35,114.91141,89.89069,72.71357,25.021,0.2783,42.198,0.3441,33.609,0.519,EHT,27.83
hyb7,B73,PHG39,116.65481,89.89069,86.27727,26.764,0.2977,30.378,0.3102,28.571,0.3449,EHT,29.77
hyb8,B73,PHG47,105.98342,89.89069,47.08585,16.093,0.179,58.898,0.3418,37.495,0.86,EHT,17.9
hyb9,B73,PHG84,119.29901,89.89069,73.19205,29.408,0.3272,46.107,0.4018,37.758,0.5654,EHT,32.72
hyb10,B73,PHJ40,105.39155,89.89069,61.86926,15.501,0.1724,43.522,0.2505,29.512,0.5736,EHT,17.24
hyb11,B73,PHZ51,128.2899,89.89069,87.00818,38.399,0.4272,41.282,0.4413,39.84,0.4667,EHT,42.72
hyb12,LH1,LH123HT,102.48756,58.12669,94.01991,8.468,0.0901,44.361,0.1457,26.414,0.5831,EHT,9.01
hyb13,LH1,LH82,79.71697,58.12669,61.54759,18.169,0.2952,21.59,0.3126,19.88,0.3608,EHT,29.52
hyb14,LH1,MO17,105.9451,58.12669,84.62486,21.32,0.2519,47.818,0.3668,34.569,0.6699,EHT,25.19
hyb15,LH1,PH207,79.83803,58.12669,69.42718,10.411,0.15,21.711,0.1791,16.061,0.3404,EHT,15
hyb16,LH1,PHG35,90.76416,58.12669,72.71357,18.051,0.2482,32.637,0.3105,25.344,0.4989,EHT,24.82
hyb17,LH1,PHG39,96.22386,58.12669,86.27727,9.947,0.1153,38.097,0.1711,24.022,0.5276,EHT,11.53
hyb18,LH1,PHG47,86.05118,58.12669,47.08585,27.924,0.4804,38.965,0.593,33.445,0.7407,EHT,48.04
hyb19,LH1,PHG84,91.62334,58.12669,73.19205,18.431,0.2518,33.497,0.3171,25.964,0.5102,EHT,25.18
hyb20,LH1,PHJ40,87.47776,58.12669,61.86926,25.609,0.4139,29.351,0.4406,27.48,0.4892,EHT,41.39
hyb21,LH1,PHZ51,113.17454,58.12669,87.00818,26.166,0.3007,55.048,0.4502,40.607,0.7586,EHT,30.07
hyb22,LH123HT,LH82,99.42996,94.01991,61.54759,5.41,0.0575,37.882,0.0879,21.646,0.487,EHT,5.75
hyb23,LH123HT,MO17,120.80182,94.01991,84.62486,26.782,0.2849,36.177,0.3165,31.479,0.405,EHT,28.49
hyb24,LH123HT,PH207,105.46223,94.01991,69.42718,11.442,0.1217,36.035,0.1648,23.739,0.4409,EHT,12.17
hyb25,LH123HT,PHG35,118.86743,94.01991,72.71357,24.848,0.2643,46.154,0.3417,35.501,0.5536,EHT,26.43
hyb26,LH123HT,PHG39,125.98826,94.01991,86.27727,31.968,0.34,39.711,0.3705,35.84,0.4405,EHT,34
hyb27,LH123HT,PHG47,112.12762,94.01991,47.08585,18.108,0.1926,65.042,0.3846,41.575,0.9219,EHT,19.26
hyb28,LH123HT,PHG84,113.85855,94.01991,73.19205,19.839,0.211,40.666,0.2711,30.253,0.4864,EHT,21.1
hyb29,LH123HT,PHJ40,104.58561,94.01991,61.86926,10.566,0.1124,42.716,0.1708,26.641,0.548,EHT,11.24
hyb30,LH123HT,PHZ51,127.28179,94.01991,87.00818,33.262,0.3538,40.274,0.3823,36.768,0.4449,EHT,35.38
hyb31,LH82,MO17,100.83816,61.54759,84.62486,16.213,0.1916,39.291,0.2634,27.752,0.5376,EHT,19.16
hyb32,LH82,PH207,86.34663,61.54759,69.42718,16.919,0.2437,24.799,0.2749,20.859,0.3787,EHT,24.37
hyb33,LH82,PHG35,87.99404,61.54759,72.71357,15.28,0.2101,26.446,0.2483,20.863,0.3939,EHT,21.01
hyb34,LH82,PHG39,95.57758,61.54759,86.27727,9.3,0.1078,34.03,0.1511,21.665,0.4604,EHT,10.78
hyb35,LH82,PHG47,85.26476,61.54759,47.08585,23.717,0.3853,38.179,0.5037,30.948,0.7029,EHT,38.53
hyb36,LH82,PHG84,98.16266,61.54759,73.19205,24.971,0.3412,36.615,0.4057,30.793,0.5435,EHT,34.12
hyb37,LH82,PHJ40,90.63952,61.54759,61.86926,28.77,0.465,29.092,0.4674,28.931,0.4714,EHT,46.5
hyb38,LH82,PHZ51,107.46404,61.54759,87.00818,20.456,0.2351,45.916,0.3324,33.186,0.6182,EHT,23.51
hyb39,MO17,PH207,112.29238,84.62486,69.42718,27.668,0.3269,42.865,0.3985,35.266,0.5565,EHT,32.69
hyb40,MO17,PHG35,114.2326,84.62486,72.71357,29.608,0.3499,41.519,0.4072,35.563,0.5278,EHT,34.99
hyb41,MO17,PHG39,116.32001,84.62486,86.27727,30.043,0.3482,31.695,0.355,30.869,0.3709,EHT,34.82
hyb42,MO17,PHG47,102.22083,84.62486,47.08585,17.596,0.2079,55.135,0.3737,36.365,0.8372,EHT,20.79
hyb43,MO17,PHG84,115.83755,84.62486,73.19205,31.213,0.3688,42.645,0.4265,36.929,0.5404,EHT,36.88
hyb44,MO17,PHJ40,109.95251,84.62486,61.86926,25.328,0.2993,48.083,0.4094,36.705,0.6564,EHT,29.93
hyb45,MO17,PHZ51,115.65075,84.62486,87.00818,28.643,0.3292,31.026,0.3385,29.834,0.3615,EHT,32.92
hyb46,PH207,PHG35,97.57537,69.42718,72.71357,24.862,0.3419,28.148,0.3581,26.505,0.3961,EHT,34.19
hyb47,PH207,PHG39,101.00814,69.42718,86.27727,14.731,0.1707,31.581,0.2122,23.156,0.4057,EHT,17.07
hyb48,PH207,PHG47,94.42115,69.42718,47.08585,24.994,0.36,47.335,0.5308,36.165,0.8125,EHT,36
hyb49,PH207,PHG84,100.78477,69.42718,73.19205,27.593,0.377,31.358,0.3974,29.475,0.4397,EHT,37.7
hyb50,PH207,PHJ40,103.00442,69.42718,61.86926,33.577,0.4836,41.135,0.5427,37.356,0.6266,EHT,48.36
hyb51,PH207,PHZ51,109.762,69.42718,87.00818,22.754,0.2615,40.335,0.3277,31.544,0.5157,EHT,26.15
hyb52,PHG35,PHG39,110.57513,72.71357,86.27727,24.298,0.2816,37.862,0.3342,31.08,0.4763,EHT,28.16
hyb53,PHG35,PHG47,100.1265,72.71357,47.08585,27.413,0.377,53.041,0.5822,40.227,0.8855,EHT,37.7
hyb54,PHG35,PHG84,102.8001,72.71357,73.19205,29.608,0.4045,30.087,0.4072,29.847,0.4124,EHT,40.45
hyb55,PHG35,PHJ40,102.8837,72.71357,61.86926,30.17,0.4149,41.014,0.4876,35.592,0.6095,EHT,41.49
hyb56,PHG35,PHZ51,109.42238,72.71357,87.00818,22.414,0.2576,36.709,0.3083,29.562,0.4597,EHT,25.76
hyb57,PHG39,PHG47,105.99855,86.27727,47.08585,19.721,0.2286,58.913,0.4188,39.317,0.8835,EHT,22.86
hyb58,PHG39,PHG84,115.58401,86.27727,73.19205,29.307,0.3397,42.392,0.4004,35.849,0.5317,EHT,33.97
hyb59,PHG39,PHJ40,110.54337,86.27727,61.86926,24.266,0.2813,48.674,0.3922,36.47,0.6571,EHT,28.13
hyb60,PHG39,PHZ51,128.07613,86.27727,87.00818,41.068,0.472,41.799,0.476,41.433,0.4824,EHT,47.2
hyb61,PHG47,PHG84,102.31069,47.08585,73.19205,29.119,0.3978,55.225,0.6184,42.172,0.9183,EHT,39.78
hyb62,PHG47,PHJ40,96.85868,47.08585,61.86926,34.989,0.5655,49.773,0.7431,42.381,0.9136,EHT,56.55
hyb63,PHG47,PHZ51,110.72995,47.08585,87.00818,23.722,0.2726,63.644,0.5038,43.683,0.9492,EHT,27.26
hyb64,PHG84,PHJ40,97.60779,73.19205,61.86926,24.416,0.3336,35.739,0.3946,30.077,0.5292,EHT,33.36
hyb65,PHG84,PHZ51,114.17483,73.19205,87.00818,27.167,0.3122,40.983,0.3712,34.075,0.5116,EHT,31.22
hyb66,PHJ40,PHZ51,108.31809,61.86926,87.00818,21.31,0.2449,46.449,0.3444,33.879,0.624,EHT,24.49
hyb1,B73,LH1,211.5865,179.5402,125.7387,32.046,0.1785,85.848,0.2549,58.947,0.5624,PHT,17.85
hyb2,B73,LH123HT,268.7837,179.5402,207.2093,61.574,0.2972,89.244,0.343,75.409,0.4615,PHT,29.72
hyb3,B73,LH82,211.6642,179.5402,125.8908,32.124,0.1789,85.773,0.2552,58.949,0.5617,PHT,17.89
hyb4,B73,MO17,244.8903,179.5402,179.3781,65.35,0.364,65.512,0.3643,65.431,0.3651,PHT,36.4
hyb5,B73,PH207,217.6899,179.5402,145.7262,38.15,0.2125,71.964,0.2618,55.057,0.4425,PHT,21.25
hyb6,B73,PHG35,231.0142,179.5402,172.9522,51.474,0.2867,58.062,0.2976,54.768,0.3294,PHT,28.67
hyb7,B73,PHG39,242.1224,179.5402,185.508,56.614,0.3052,62.582,0.3153,59.598,0.3429,PHT,30.52
hyb8,B73,PHG47,228.6805,179.5402,124.0231,49.14,0.2737,104.657,0.3962,76.899,0.6895,PHT,27.37
hyb9,B73,PHG84,250.704,179.5402,169.5083,71.164,0.3964,81.196,0.4198,76.18,0.4652,PHT,39.64
hyb10,B73,PHJ40,214.7458,179.5402,128.5431,35.206,0.1961,86.203,0.2739,60.704,0.5596,PHT,19.61
hyb11,B73,PHZ51,258.3178,179.5402,193.3971,64.921,0.3357,78.778,0.3616,71.849,0.4225,PHT,33.57
hyb12,LH1,LH123HT,236.4438,125.7387,207.2093,29.234,0.1411,110.705,0.2325,69.97,0.665,PHT,14.11
hyb13,LH1,LH82,176.4425,125.7387,125.8908,50.552,0.4016,50.704,0.402,50.628,0.403,PHT,40.16
hyb14,LH1,MO17,222.9518,125.7387,179.3781,43.574,0.2429,97.213,0.3465,70.393,0.6372,PHT,24.29
hyb15,LH1,PH207,182.8213,125.7387,145.7262,37.095,0.2546,57.083,0.295,47.089,0.4206,PHT,25.46
hyb16,LH1,PHG35,205.2367,125.7387,172.9522,32.285,0.1867,79.498,0.2568,55.891,0.5323,PHT,18.67
hyb17,LH1,PHG39,211.7088,125.7387,185.508,26.201,0.1412,85.97,0.2084,56.085,0.5524,PHT,14.12
hyb18,LH1,PHG47,199.9736,125.7387,124.0231,74.235,0.5904,75.951,0.5986,75.093,0.6082,PHT,59.04
hyb19,LH1,PHG84,218.7351,125.7387,169.5083,49.227,0.2904,92.996,0.3915,71.112,0.63,PHT,29.04
hyb20,LH1,PHJ40,206.2612,125.7387,128.5431,77.718,0.6046,80.523,0.6181,79.12,0.6333,PHT,60.46
hyb21,LH1,PHZ51,243.5339,125.7387,193.3971,50.137,0.2592,117.795,0.3987,83.966,0.7382,PHT,25.92
hyb22,LH123HT,LH82,215.458,207.2093,125.8908,8.249,0.0398,89.567,0.0655,48.908,0.5378,PHT,3.98
hyb23,LH123HT,MO17,244.3139,207.2093,179.3781,37.105,0.1791,64.936,0.2069,51.02,0.3359,PHT,17.91
hyb24,LH123HT,PH207,231.3787,207.2093,145.7262,24.169,0.1166,85.653,0.1659,54.911,0.4854,PHT,11.66
hyb25,LH123HT,PHG35,250.6067,207.2093,172.9522,43.397,0.2094,77.654,0.2509,60.526,0.4085,PHT,20.94
hyb26,LH123HT,PHG39,266.2418,207.2093,185.508,59.032,0.2849,80.734,0.3182,69.883,0.4112,PHT,28.49
hyb27,LH123HT,PHG47,239.3559,207.2093,124.0231,32.147,0.1551,115.333,0.2592,73.74,0.6964,PHT,15.51
hyb28,LH123HT,PHG84,245.2203,207.2093,169.5083,38.011,0.1834,75.712,0.2242,56.862,0.402,PHT,18.34
hyb29,LH123HT,PHJ40,214.3906,207.2093,128.5431,7.181,0.0347,85.847,0.0559,46.514,0.5114,PHT,3.47
hyb30,LH123HT,PHZ51,253.3262,207.2093,193.3971,46.117,0.2226,59.929,0.2385,53.023,0.2992,PHT,22.26
hyb31,LH82,MO17,200.2577,125.8908,179.3781,20.88,0.1164,74.367,0.1659,47.623,0.4872,PHT,11.64
hyb32,LH82,PH207,186.9708,125.8908,145.7262,41.245,0.283,61.08,0.3276,51.162,0.4498,PHT,28.3
hyb33,LH82,PHG35,194.7958,125.8908,172.9522,21.844,0.1263,68.905,0.1735,45.374,0.4611,PHT,12.63
hyb34,LH82,PHG39,210.4883,125.8908,185.508,24.98,0.1347,84.598,0.1984,54.789,0.5433,PHT,13.47
hyb35,LH82,PHG47,191.1365,125.8908,124.0231,65.246,0.5183,67.113,0.5261,66.18,0.5371,PHT,51.83
hyb36,LH82,PHG84,207.7678,125.8908,169.5083,38.26,0.2257,81.877,0.3039,60.068,0.5543,PHT,22.57
hyb37,LH82,PHJ40,186.9723,125.8908,128.5431,58.429,0.4545,61.081,0.4641,59.755,0.4801,PHT,45.45
hyb38,LH82,PHZ51,217.8551,125.8908,193.3971,24.458,0.1265,91.964,0.1943,58.211,0.5761,PHT,12.65
hyb39,MO17,PH207,225.2131,179.3781,145.7262,45.835,0.2555,79.487,0.3145,62.661,0.489,PHT,25.55
hyb40,MO17,PHG35,228.0506,179.3781,172.9522,48.673,0.2713,55.098,0.2814,51.885,0.3128,PHT,27.13
hyb41,MO17,PHG39,245.3271,179.3781,185.508,59.819,0.3225,65.949,0.3335,62.884,0.3615,PHT,32.25
hyb42,MO17,PHG47,219.8883,179.3781,124.0231,40.51,0.2258,95.865,0.3266,68.188,0.6319,PHT,22.58
hyb43,MO17,PHG84,237.9645,179.3781,169.5083,58.586,0.3266,68.456,0.3456,63.521,0.3924,PHT,32.66
hyb44,MO17,PHJ40,205.8237,179.3781,128.5431,26.446,0.1474,77.281,0.2057,51.863,0.502,PHT,14.74
hyb45,MO17,PHZ51,241.8996,179.3781,193.3971,48.502,0.2508,62.522,0.2704,55.512,0.3354,PHT,25.08
hyb46,PH207,PHG35,211.6653,145.7262,172.9522,38.713,0.2238,65.939,0.2657,52.326,0.4138,PHT,22.38
hyb47,PH207,PHG39,223.5668,145.7262,185.508,38.059,0.2052,77.841,0.2612,57.95,0.47,PHT,20.52
hyb48,PH207,PHG47,208.3284,145.7262,124.0231,62.602,0.4296,84.305,0.5048,73.454,0.6251,PHT,42.96
hyb49,PH207,PHG84,231.1209,145.7262,169.5083,61.613,0.3635,85.395,0.4228,73.504,0.5418,PHT,36.35
hyb50,PH207,PHJ40,205.9775,145.7262,128.5431,60.251,0.4135,77.434,0.4687,68.843,0.5647,PHT,41.35
hyb51,PH207,PHZ51,238.5492,145.7262,193.3971,45.152,0.2335,92.823,0.3098,68.988,0.5474,PHT,23.35
hyb52,PHG35,PHG39,232.7364,172.9522,185.508,47.228,0.2546,59.784,0.2731,53.506,0.3336,PHT,25.46
hyb53,PHG35,PHG47,218.9595,172.9522,124.0231,46.007,0.266,94.936,0.371,70.472,0.6394,PHT,26.6
hyb54,PHG35,PHG84,226.0771,172.9522,169.5083,53.125,0.3072,56.569,0.3134,54.847,0.3304,PHT,30.72
hyb55,PHG35,PHJ40,205.2838,172.9522,128.5431,32.332,0.1869,76.741,0.2515,54.536,0.5091,PHT,18.69
hyb56,PHG35,PHZ51,239.2151,172.9522,193.3971,45.818,0.2369,66.263,0.2649,56.04,0.3617,PHT,23.69
hyb57,PHG39,PHG47,231.5816,185.508,124.0231,46.074,0.2484,107.559,0.3715,76.816,0.695,PHT,24.84
hyb58,PHG39,PHG84,248.9521,185.508,169.5083,63.444,0.342,79.444,0.3743,71.444,0.4476,PHT,34.2
hyb59,PHG39,PHJ40,225.8608,185.508,128.5431,40.353,0.2175,97.318,0.3139,68.835,0.6198,PHT,21.75
hyb60,PHG39,PHZ51,264.2954,185.508,193.3971,70.898,0.3666,78.787,0.3822,74.843,0.4159,PHT,36.66
hyb61,PHG47,PHG84,228.0417,124.0231,169.5083,58.533,0.3453,104.019,0.472,81.276,0.7087,PHT,34.53
hyb62,PHG47,PHJ40,206.1406,124.0231,128.5431,77.597,0.6037,82.118,0.6257,79.858,0.6503,PHT,60.37
hyb63,PHG47,PHZ51,245.7316,124.0231,193.3971,52.334,0.2706,121.708,0.422,87.021,0.7669,PHT,27.06
hyb64,PHG84,PHJ40,215.1166,169.5083,128.5431,45.608,0.2691,86.573,0.3548,66.091,0.5809,PHT,26.91
hyb65,PHG84,PHZ51,247.8583,169.5083,193.3971,54.461,0.2816,78.35,0.3213,66.406,0.4318,PHT,28.16
hyb66,PHJ40,PHZ51,226.6742,128.5431,193.3971,33.277,0.1721,98.131,0.2589,65.704,0.6096,PHT,17.21
hyb1,B73,LH1,58.75938,55.77341,59.60612,-0.847,-0.0142,2.986,-0.0152,1.07,0.0518,TW,1.42
hyb2,B73,LH123HT,57.60379,55.77341,57.46858,0.135,0.0023,1.83,0.0024,0.983,0.0323,TW,0.23
hyb3,B73,LH82,56.43625,55.77341,58.26956,-1.833,-0.0315,0.663,-0.0329,-0.585,0.0116,TW,3.15
hyb4,B73,MO17,55.25585,55.77341,55.56046,-0.518,-0.0093,-0.305,-0.0093,-0.411,-0.0055,TW,0.93
hyb5,B73,PH207,56.70054,55.77341,52.38557,0.927,0.0166,4.315,0.0177,2.621,0.0798,TW,1.66
hyb6,B73,PHG35,57.21605,55.77341,56.9607,0.255,0.0045,1.443,0.0046,0.849,0.0256,TW,0.45
hyb7,B73,PHG39,59.19018,55.77341,56.96409,2.226,0.0391,3.417,0.0399,2.821,0.0606,TW,3.91
hyb8,B73,PHG47,54.58519,55.77341,56.18412,-1.599,-0.0285,-1.188,-0.0287,-1.394,-0.0212,TW,2.85
hyb9,B73,PHG84,58.36204,55.77341,56.95253,1.41,0.0248,2.589,0.0253,1.999,0.0459,TW,2.48
hyb10,B73,PHJ40,57.21487,55.77341,57.24215,-0.027,-5e-04,1.441,-5e-04,0.707,0.0255,TW,0.05
hyb11,B73,PHZ51,56.69923,55.77341,56.64187,0.057,0.001,0.926,0.001,0.492,0.0165,TW,0.1
hyb12,LH1,LH123HT,57.632,59.60612,57.46858,-1.974,-0.0331,0.163,-0.0343,-0.905,0.0028,TW,3.31
hyb13,LH1,LH82,57.77179,59.60612,58.26956,-1.834,-0.0308,-0.498,-0.0315,-1.166,-0.0084,TW,3.08
hyb14,LH1,MO17,57.69082,59.60612,55.56046,-1.915,-0.0321,2.13,-0.0345,0.108,0.037,TW,3.21
hyb15,LH1,PH207,57.33432,59.60612,52.38557,-2.272,-0.0381,4.949,-0.0434,1.338,0.0884,TW,3.81
hyb16,LH1,PHG35,57.11135,59.60612,56.9607,-2.495,-0.0419,0.151,-0.0438,-1.172,0.0026,TW,4.19
hyb17,LH1,PHG39,58.36756,59.60612,56.96409,-1.239,-0.0208,1.403,-0.0218,0.082,0.0241,TW,2.08
hyb18,LH1,PHG47,56.19123,59.60612,56.18412,-3.415,-0.0573,0.007,-0.0608,-1.704,1e-04,TW,5.73
hyb19,LH1,PHG84,58.31271,59.60612,56.95253,-1.293,-0.0217,1.36,-0.0227,0.033,0.0233,TW,2.17
hyb20,LH1,PHJ40,57.62699,59.60612,57.24215,-1.979,-0.0332,0.385,-0.0346,-0.797,0.0066,TW,3.32
hyb21,LH1,PHZ51,57.64368,59.60612,56.64187,-1.962,-0.0329,1.002,-0.0346,-0.48,0.0172,TW,3.29
hyb22,LH123HT,LH82,57.25514,57.46858,58.26956,-1.014,-0.0174,-0.213,-0.0176,-0.614,-0.0037,TW,1.74
hyb23,LH123HT,MO17,56.7895,57.46858,55.56046,-0.679,-0.0118,1.229,-0.0122,0.275,0.0217,TW,1.18
hyb24,LH123HT,PH207,55.64261,57.46858,52.38557,-1.826,-0.0318,3.257,-0.0349,0.716,0.0593,TW,3.18
hyb25,LH123HT,PHG35,55.50092,57.46858,56.9607,-1.968,-0.0342,-1.46,-0.0346,-1.714,-0.0255,TW,3.42
hyb26,LH123HT,PHG39,58.72943,57.46858,56.96409,1.261,0.0219,1.765,0.0221,1.513,0.0308,TW,2.19
hyb27,LH123HT,PHG47,56.99002,57.46858,56.18412,-0.479,-0.0083,0.806,-0.0085,0.164,0.0142,TW,0.83
hyb28,LH123HT,PHG84,57.10736,57.46858,56.95253,-0.361,-0.0063,0.155,-0.0063,-0.103,0.0027,TW,0.63
hyb29,LH123HT,PHJ40,59.03351,57.46858,57.24215,1.565,0.0272,1.791,0.0273,1.678,0.0312,TW,2.72
hyb30,LH123HT,PHZ51,56.83011,57.46858,56.64187,-0.638,-0.0111,0.188,-0.0113,-0.225,0.0033,TW,1.11
hyb31,LH82,MO17,56.64521,58.26956,55.56046,-1.624,-0.0279,1.085,-0.0292,-0.27,0.0191,TW,2.79
hyb32,LH82,PH207,55.86855,58.26956,52.38557,-2.401,-0.0412,3.483,-0.0458,0.541,0.063,TW,4.12
hyb33,LH82,PHG35,56.67454,58.26956,56.9607,-1.595,-0.0274,-0.286,-0.028,-0.941,-0.005,TW,2.74
hyb34,LH82,PHG39,58.9123,58.26956,56.96409,0.643,0.011,1.948,0.0113,1.295,0.0338,TW,1.1
hyb35,LH82,PHG47,56.30096,58.26956,56.18412,-1.969,-0.0338,0.117,-0.035,-0.926,0.002,TW,3.38
hyb36,LH82,PHG84,57.27548,58.26956,56.95253,-0.994,-0.0171,0.323,-0.0175,-0.336,0.0056,TW,1.71
hyb37,LH82,PHJ40,57.70984,58.26956,57.24215,-0.56,-0.0096,0.468,-0.0098,-0.046,0.0081,TW,0.96
hyb38,LH82,PHZ51,56.79666,58.26956,56.64187,-1.473,-0.0253,0.155,-0.026,-0.659,0.0027,TW,2.53
hyb39,MO17,PH207,55.81283,55.56046,52.38557,0.252,0.0045,3.427,0.0048,1.84,0.0635,TW,0.45
hyb40,MO17,PHG35,55.8846,55.56046,56.9607,-1.076,-0.0189,0.324,-0.0194,-0.376,0.0058,TW,1.89
hyb41,MO17,PHG39,58.29213,55.56046,56.96409,1.328,0.0233,2.732,0.0239,2.03,0.0486,TW,2.33
hyb42,MO17,PHG47,55.04405,55.56046,56.18412,-1.14,-0.0203,-0.516,-0.0205,-0.828,-0.0092,TW,2.03
hyb43,MO17,PHG84,57.37046,55.56046,56.95253,0.418,0.0073,1.81,0.0075,1.114,0.0322,TW,0.73
hyb44,MO17,PHJ40,56.70123,55.56046,57.24215,-0.541,-0.0095,1.141,-0.0097,0.3,0.0202,TW,0.95
hyb45,MO17,PHZ51,56.45549,55.56046,56.64187,-0.186,-0.0033,0.895,-0.0033,0.354,0.016,TW,0.33
hyb46,PH207,PHG35,55.27213,52.38557,56.9607,-1.689,-0.0297,2.887,-0.0322,0.599,0.0528,TW,2.97
hyb47,PH207,PHG39,57.99791,52.38557,56.96409,1.034,0.0182,5.612,0.0197,3.323,0.1026,TW,1.82
hyb48,PH207,PHG47,54.80014,52.38557,56.18412,-1.384,-0.0246,2.415,-0.0264,0.515,0.0445,TW,2.46
hyb49,PH207,PHG84,57.90172,52.38557,56.95253,0.949,0.0167,5.516,0.0181,3.233,0.1009,TW,1.67
hyb50,PH207,PHJ40,56.73643,52.38557,57.24215,-0.506,-0.0088,4.351,-0.0097,1.923,0.0794,TW,0.88
hyb51,PH207,PHZ51,56.6163,52.38557,56.64187,-0.026,-5e-04,4.231,-5e-04,2.103,0.0776,TW,0.05
hyb52,PHG35,PHG39,57.65632,56.9607,56.96409,0.692,0.0121,0.696,0.0121,0.694,0.0122,TW,1.21
hyb53,PHG35,PHG47,55.42699,56.9607,56.18412,-1.534,-0.0269,-0.757,-0.0273,-1.145,-0.0134,TW,2.69
hyb54,PHG35,PHG84,57.91027,56.9607,56.95253,0.95,0.0167,0.958,0.0167,0.954,0.0168,TW,1.67
hyb55,PHG35,PHJ40,58.02794,56.9607,57.24215,0.786,0.0137,1.067,0.0138,0.927,0.0187,TW,1.37
hyb56,PHG35,PHZ51,55.77294,56.9607,56.64187,-1.188,-0.0209,-0.869,-0.021,-1.028,-0.0153,TW,2.09
hyb57,PHG39,PHG47,57.90869,56.96409,56.18412,0.945,0.0166,1.725,0.0168,1.335,0.0305,TW,1.66
hyb58,PHG39,PHG84,58.46946,56.96409,56.95253,1.505,0.0264,1.517,0.0264,1.511,0.0266,TW,2.64
hyb59,PHG39,PHJ40,58.74405,56.96409,57.24215,1.502,0.0262,1.78,0.0264,1.641,0.0312,TW,2.62
hyb60,PHG39,PHZ51,57.39891,56.96409,56.64187,0.435,0.0076,0.757,0.0077,0.596,0.0133,TW,0.76
hyb61,PHG47,PHG84,55.08659,56.18412,56.95253,-1.866,-0.0328,-1.098,-0.0332,-1.482,-0.0194,TW,3.28
hyb62,PHG47,PHJ40,56.61568,56.18412,57.24215,-0.626,-0.0109,0.432,-0.0111,-0.097,0.0076,TW,1.09
hyb63,PHG47,PHZ51,56.118,56.18412,56.64187,-0.524,-0.0093,-0.066,-0.0093,-0.295,-0.0012,TW,0.93
hyb64,PHG84,PHJ40,59.30382,56.95253,57.24215,2.062,0.036,2.351,0.0362,2.206,0.0412,TW,3.6
hyb65,PHG84,PHZ51,57.38147,56.95253,56.64187,0.429,0.0075,0.74,0.0076,0.584,0.013,TW,0.75
hyb66,PHJ40,PHZ51,58.4592,57.24215,56.64187,1.217,0.0213,1.817,0.0215,1.517,0.0319,TW,2.13
